Name,Age
Christopher Roth,69
Lisa Schmidt,79
Derrick Henry,91
Christopher Reed MD,64
Nathan Reyes,94
Michelle Nelson,63
James Parks,100
William Decker,67
Maria Solomon,92
Kevin Snyder,65
Whitney Davis,61
Erik Peterson,97
Michelle Landry,74
Amanda Johnson,99
Christopher Vaughn,64
Donald Brown,84
Mark Newman,81
Charles Little,81
Terry Arnold,79
Rebecca Downs,82
Phillip Moody,78
Teresa Thomas,84
Chelsea Drake,79
Nicole Whitaker,95
Kelly Harris,96
William Payne,85
Leslie Vega,73
Nicole Mccall,90
Juan Dawson,84
Mrs. Megan Berg PhD,94
Jennifer Jimenez,80
Jennifer Kennedy,69
Maureen Smith,88
Marisa Miller,74
Joshua Blake,75
Ryan Nielsen,96
Dr. Christine Brown,73
Henry Swanson,97
Brittany Hall,75
Ellen Smith,76
Zachary Powell,80
Justin Thomas,99
Angel Smith,74
Joseph Hood,70
Evan Molina,91
Natalie Martin,92
Jessica Guerrero,63
Thomas Shelton,61
Dennis Evans,95
Lisa Kaufman,81
Jason Gilbert,81
Dana Dunn,75
Brian Le,74
Jessica Hall,100
Joseph Hunter,96
Jimmy Mejia,70
Ricardo Harrison,69
Bryan Dunn,61
Amy Davis,80
Shari Crawford,80
John Orr,74
Matthew Daugherty,98
Lisa Espinoza,92
Steve Nichols,61
Jennifer Conway,81
Shirley Duke,88
Christina Warren MD,71
Paul Rice,92
Bradley Day,71
Theresa Flores,86
Amber Brandt,66
Leslie Beasley,67
Stephanie Thompson,100
Daniel Cobb,82
James Gill,86
Jacob Lopez,64
Katelyn Rowe,70
Nathan Lindsey,92
Ethan Anderson,90
Adam Olson,67
Nicholas Olson,92
Jordan Austin,96
Emily Flores,99
Melissa Valdez,94
Heather Berry,78
Natalie Friedman,70
Shelly Meza,73
Veronica Salinas,91
Shannon Bell,97
Earl Allen,67
Julie Morgan,76
Destiny Gonzalez,68
Derek Gonzalez,65
Jessica Lewis,91
Christopher Thornton,75
Daniel Smith,66
Bryan Harper,65
Adam Ross,92
Courtney Hall,84
Matthew Thornton,67
Deborah Castaneda,67
Erica Owens,96
Tammy Williams PhD,78
Karen Garcia,92
Jacob Johnson,65
Dana Hill,70
Brian Owen,90
Joshua Davis,79
Terry Fisher,64
Diana Haley,63
Jessica Chen,87
Steve Gray,61
Mallory Stevenson,96
Norma Little,71
Jennifer Barker,61
Robert Martin,68
Rachel Keller,65
Jillian Humphrey,98
William Nguyen,66
Ana Bowers,81
Adam Santos,85
Kenneth Garcia,69
Pamela Ballard,65
Jay Martinez,91
Stephanie Hill,76
Andrew Nelson,98
Rebecca Jackson,75
Michelle Richmond,64
Katelyn Ortiz,64
Jennifer Turner,60
Jessica Lee,90
Courtney Cooper,100
Anthony Carpenter,72
Laura Bates,79
Kayla Anderson,89
Kayla Thompson,68
Ruth Stein,99
Lauren Harrell,98
Robert Perry,71
Laurie Hoffman,76
Terry Johnson,81
Melissa Klein,92
Susan Griffith,92
Desiree Brown,72
Jason Hernandez,100
Roger Coleman,89
Kevin Torres,70
Tracy Hernandez,97
Karina Stewart,70
Robin Russo,89
Victoria Wade,60
Barbara Gutierrez,83
Daniel Robinson,96
Kenneth Williams,62
Laura Patterson,88
Gregory Vega,94
Brandy Powell,92
Mary Hawkins,84
Michelle Camacho,60
Courtney Pearson,72
Gail Morris,99
Justin Walter,80
Michael Johnson,70
Thomas Ramirez,86
Robert Cruz,73
Gary Moore,61
Linda Ortiz,78
Scott Cooper,100
Timothy Thomas,90
Douglas Green,88
Kelly Stout,60
John Mclean,86
Jason Buchanan,98
Melissa Ramirez,65
Gabriela Larson,93
John Patterson,65
Jose Baker,93
Richard Wilkinson,65
Keith Pitts,71
Lance Cobb,94
John Jimenez,92
Lauren Johnston,80
Steven Jordan,97
Sheila Ortega,81
Samantha Johnson,61
Nicole Randolph,84
Kristen Small MD,88
Joseph Turner,88
Grant Ross,90
Karen Martinez,73
Jamie Ray,79
Sarah Rodriguez,80
Jennifer Miller,63
Amy Jones,66
Jacqueline Nguyen,72
Ashlee Navarro,78
Megan Wheeler,95
Vanessa Lutz,100
Keith Foster,76
Nicholas Cooper,98
Shirley Howell,74
Carolyn Vaughn,98
Tracy Meyer,79
David Herrera,66
Vincent Robertson,94
Andrea Gonzalez,86
Sandra Fisher,74
Joseph Gray,80
Jeremy Johnson,71
John Francis,72
Dominique Ruiz,63
Richard Baker,71
Robert Jones,99
Julie Wolf DDS,84
Laura Harris,92
Zachary Chandler,68
Jacob Hodges,72
Beth Sanders,68
John Rice,77
Ryan Johnson,68
Nicole Parsons,88
Catherine Sanders,61
Michael Miles,93
Randy Clay,98
Wayne Williamson,95
Erin Bernard,85
Jose Knight,72
Brent Payne,64
William Miller,76
Douglas Walsh,99
Christopher Lucas,91
Paul Smith,76
Robert Pennington,69
Jacqueline Koch,71
Monique Ingram,96
Lauren Sampson,88
Robert Skinner,93
Tim Wright,92
Shannon Novak,87
Joseph Barrera,97
Robert Miller,80
Wendy Clark,77
Adam Miller,82
Katie Gomez MD,75
Bailey Bauer,74
Lisa White,64
Tiffany Garrett,87
Elizabeth Clark,76
Lisa Edwards,88
Cathy Hall,65
John Hill,60
Jennifer Dixon,70
Christine Anderson,63
Dawn Zhang,97
Bethany Lamb,94
Alexandra Fisher,100
Katherine Cook,63
Amber George MD,74
Timothy Simpson,84
Brandon Golden,65
Kimberly Long,66
Mark Davis,95
Courtney Mosley,74
Michael Munoz,93
Christopher Hernandez,99
Stephen Taylor,71
Jeffrey Smith,61
David Simon,63
Evan Bush,92
Autumn Santos,62
Dr. Lisa Farmer,67
Ryan Woods,78
Jonathan Miller,82
Nancy Allen,93
Lori Humphrey,73
Benjamin Lee,84
Thomas Wilkins,84
Michael Mendoza,92
Alicia Wright MD,82
Stephanie Russo,83
Jasmine Thomas,100
Ryan Morgan,92
Angel May,97
Beth Santiago,82
Joshua Hickman,70
Pamela Leach,64
Stacey Ryan,68
David Cox,87
Shawn Ruiz,95
Corey Hurst,68
Michael Solis,74
Kyle Jordan,70
Melody Prince,66
Heather Lane,96
Chris Diaz,84
Sarah Mills,62
Sherry Brown,95
Brian Molina,84
Kevin Payne,60
Jennifer Rice,99
Brenda Davis,81
Keith Tate,96
John Johnson,80
Jorge Perry,93
Diana Lawson,92
Ricky Johnson,85
Andrew Kim,85
Joy Harmon,66
Lisa Gray,77
Ricky Hall,66
Brandon Smith,67
Christopher Drake,92
Tracey Smith,98
Erica Hernandez,66
Latasha Bird,96
Jordan Scott,85
Kayla Garrett,77
James Davis,87
Derek Dodson,76
Stacey Henderson,61
Walter Washington Jr.,86
Theresa Gibson,91
Karen Owens,70
Kim Brown,87
April Jackson,91
Craig Johnson,94
Ana Cummings,82
Amy Brown,89
Mark Vasquez,60
Andrea Marshall,100
Deanna Nguyen,87
Derrick Dominguez,76
Barbara Garcia,100
Mariah Dawson,91
Dawn Moss,66
Kathleen Key,79
Christine Sanchez,61
Sean Joyce,96
Kristina Davis,93
Jessica Larson,95
Brittany Lyons,83
Roger Watson,75
Sabrina Ewing,92
Anthony Sullivan,95
Tommy Prince,76
Barbara Noble,97
Logan Fernandez,60
Edward Foster,78
Danielle Kennedy,77
Brenda Williams,87
Stephanie Smith,73
Laura Austin,74
Regina Nelson,79
Gregory Mcdonald,68
Andrea Velazquez,95
Lauren Foster,76
James Robinson,99
Lisa Barr,88
Rebekah Williams,64
Tiffany Perry,69
Rachel Miller,87
Jose Lopez,62
Mary Green,84
Wesley Walker,80
Joseph Miller,65
Deanna Morris,98
Shawn Parsons,89
Alejandro Graham,72
Mark Barnett,67
Matthew Ingram,60
Emily Lee,92
Stacy Collins,60
Tyler Clay,80
Patrick Fisher,70
Kimberly Stevenson,89
Suzanne Powell,85
Jasmine Leblanc,90
Laurie Rodriguez,87
Heather Gonzalez,68
Paul Jackson,85
Alison Brown,97
Crystal Wall,92
Brian Conley,91
Michael West,86
Kathryn Campbell,60
Natalie Reeves,81
Daniel Small,79
Michael Hughes,88
Nancy Woodward,77
Mr. Victor Douglas,89
Amanda Alvarado,77
Jeremy Wilkerson,80
Bryan Morgan,98
Deborah Oliver,75
Heather Knight,92
Cynthia Sutton,73
Jennifer Williams,67
Marcus Allen,100
Jeffrey Nelson,64
Theresa Baker,98
Patricia Morales,80
Juan Villarreal,69
Christina Fernandez,80
Kenneth Ross,80
Janet Hernandez,67
William Hill,80
Jose Jones,97
Michael King,93
Michelle Ortiz,86
Alexis Davis,73
Michael Smith,95
Aaron Davis,60
Kevin Kelly,100
Ronald Payne,93
Michael Moore,84
Donna Ortiz,65
Joy Leonard,67
Kelly Wilson,80
Mackenzie Huerta,100
Emma French,95
Dawn Weeks,100
Jennifer Hurley,89
Alexis Johnson,81
Raymond Rodriguez,66
Jenny Ortega,65
Nicholas Hinton,98
John Waters,72
Carla Collins,66
Daniel Pierce,95
Dylan Ellison,89
Krystal Stephens,78
Blake Garcia,70
Francisco Briggs,88
Gregory Smith MD,88
Kelly Mercado,69
Paul Rivera,91
William Rice,63
Steven Bernard,85
Tammy Hernandez,92
Jacob Wright,95
Laura Torres,73
Timothy Byrd,79
Kimberly Mccormick,90
Timothy Walker,74
Carrie Wagner,83
Jordan Barrett,88
Peter Lynch,75
Richard Schroeder,80
Eric Hall,95
Michael Lopez,86
Sara Lane,72
Lisa Johnson,81
Matthew Reyes,77
Donna Little,82
James Hodges,80
Jessica Flores,61
William Zhang,86
Robert Schmidt,64
Bradley Lawrence,98
Joseph Barton,81
Elizabeth Brown,66
Jesse Cox,98
Julie Arnold,80
Jacob Jones,63
Robin Neal,64
Paula Smith,90
April Smith,75
Adam Bullock,92
Jerry Leonard,94
Erin Aguilar,90
George Lee,86
Monica Stephens,86
Sherry Hill,77
Jorge Davis,93
Donald Simon,98
Kenneth Santos,77
Cameron Stafford,94
Anna Clay,78
Nicole Maxwell,66
Diana Harper,96
Sarah Miller,91
David Rodriguez,63
Connie Gallegos,98
Marilyn Thomas,72
Danielle Davis,71
Gary Rogers,89
John Combs,69
Sarah Sheppard,89
Patricia Bender,91
Alfred Mayer,62
Vincent Madden,70
William Becker,76
Stephanie Baker,61
Kerri Cole,88
Scott Wallace,94
Nichole Hill,78
David Strickland,96
Brianna Williams,93
Janet Morrison,98
Brittany Martin,61
Christopher Johnston,92
Daniel Walker,94
Beth Morgan,63
Tracy Casey,67
Ann Brown,74
Barbara Riley,66
Shaun Beck,84
Angela Pena,90
Jeffrey Martin,66
Jordan Murphy,71
Peter Vance,88
Jose Mclaughlin,75
Amy Ellis,60
Mr. Anthony Brown,62
Christina Jackson,63
Richard Becker,64
Rebecca Brown,92
Kristen Brown,74
Jodi Miller,69
Wayne Ward,75
Elizabeth Stanton,80
Donna Rodriguez,62
Justin Rhodes,70
Sandra Rogers,95
Lauren Stewart,64
Joanna Thomas,94
Steve Melton DDS,67
Kathy Rogers,60
Melissa Douglas,62
Peter Garcia,64
Daniel Fox,98
Kaitlin Avery,100
Michael Meyer,83
Tony Allen,68
Lindsay Graham,61
Tina Gray,93
William Turner,90
Brandon Newman,60
Sheila Clark,90
David Mills,90
Scott Brown,95
Erik Phillips,92
Derrick Gray,75
Patrick Jones,71
Nicholas Dunn,89
Jacqueline Bentley,84
Stacy Kline,62
Kristina Cardenas,93
Cassandra Davis,99
Jill Marks,82
Bridget Espinoza,92
John Phillips,98
Stacy Jones,62
Ashley Pham,75
Larry Duncan,91
Roger Ortiz,62
Melissa White DVM,93
Susan Doyle,88
Cindy Harris,79
Ashley Hanna,97
Cody Ramirez,88
Austin Deleon,81
Jonathan Sandoval,90
Joshua Perez,77
Michelle Aguirre,86
Amy Roberts,78
Patrick Murray,61
Dr. Dan Murphy,61
Jonathan Hart,84
Jennifer Taylor,64
Beverly Foster,79
Dr. Kyle Smith DDS,88
Paul Sanders,78
Ryan Silva,94
Deborah Lozano,98
Kayla Wilkins,74
Gary Lawrence,97
Patricia Black,72
Tonya Lopez,97
Dustin Jackson,69
Christopher Wong,96
Thomas Mendoza,89
Charles Rose,75
Arthur Mclean,91
Gregory Harrison,60
Rodney Taylor,98
Barbara Black,99
Daniel Morrow,73
John Navarro,76
Willie Diaz,75
Elizabeth Brown,93
Joanne Bell,80
Dominique Wallace,80
Maria Howard,92
Scott Walters,70
Mary Holmes,98
Stephanie Rogers,63
James Kelly,95
Ryan Johnson,79
Ryan Edwards,93
Heidi Caldwell,88
Marcus Johnson,68
Carolyn Mcbride,65
Jennifer Harvey,92
William Simpson,61
William Flowers,71
Melissa Rojas,85
David Cook,85
Jacqueline Russo,64
Colleen Briggs,93
Richard Spencer,68
Roberta Sullivan,82
Alex Howe,99
Mark Walton,94
Sara Gomez,93
Cheryl Hanson,88
Christopher Welch,79
Tanya Martinez,76
Michelle Turner,86
Garrett Dudley,89
Daniel Potts,97
Shane Kelly,82
Willie Reynolds,90
David Olson,92
Mr. William Harris,68
Shawn Vasquez,74
Larry Escobar,92
Erika Skinner,62
Kayla Weber,63
Sara Baker,90
Ryan Johnson,61
John Miles,67
Amber Marshall,80
Nicolas Brown,75
Gregory Garrison,89
Michael Fowler,72
Kathy Long,97
Dennis Brown,79
William Mays,66
Amanda Lynch,66
Jessica Malone,89
Brandon Chavez,86
Anthony Johnson,76
William Mckinney,63
Mr. Joseph Cooke,86
William Webb,95
Jade Jones,80
Christine Johnson,93
Dawn Johnson,87
Joshua Wilson,82
Patrick Small,83
Jennifer Brady,62
Angela Wong,63
Joshua Cox,90
Mrs. Jessica Carlson,61
Barbara Andrews,71
Jeffrey Henderson DDS,80
Richard Jones,92
James Lopez,79
John Stevens,95
Zachary Alvarado,100
Ronald Powell,87
Crystal Fisher,72
William Harris,79
Anthony Williams,65
Daniel Williams,71
Maria Ruiz,75
Gary Hopkins,68
Jeremy Warner,87
Catherine Vaughn,98
Ashley Taylor,86
Douglas Gibson,80
Elizabeth Martin,90
Kristin Carter,75
Brandon Callahan,85
Noah Simmons,94
Nancy Davila,97
Mark West,62
Christopher Wade,88
Carrie Rivera,67
Jennifer Munoz,73
Jennifer Marks,62
Elizabeth Guerrero,90
Jessica Marshall,64
Joe Bird,87
Garrett Wilkinson,90
Dr. William Nichols Jr.,73
Timothy Garcia,97
Mr. Bobby Long Jr.,92
Breanna Mercado,100
Martin Douglas,89
Tony Jones,60
Leslie Hensley,97
Danielle Morris,83
Christopher Diaz,81
Scott Hicks,100
Chelsea Richards,79
Christopher Ruiz,77
Richard Powell,68
Kimberly White,64
Patrick Johnson,82
Michele Ward,68
James Pierce,100
Michelle Stewart MD,83
Craig Le,81
Michael Shaw,92
Timothy Brown,98
Richard Hall,90
Paul Jones,61
Bradley Cole,97
Deanna Ingram,60
Andrew Allen,89
Eddie Miller,60
Kathy Gross,62
Brian Allen,84
Jennifer Jordan,74
Teresa Martin,92
Vincent Brown,68
Carly Mayer,92
Nathan Davis,96
Nichole Gilbert,77
Brandon Smith,88
Sheryl Adams,81
David Tyler,75
Johnny Fischer,64
Jonathan Wright,96
Joseph Murphy,83
Scott Zimmerman,85
Erica Miller,63
Cody Morris,89
Jessica Taylor,94
Jacob Gallagher,63
James Hamilton,89
Robert Nunez MD,66
Brent Crawford,70
Stephanie Cannon,96
James Brown,67
Jodi Adams,98
Brent Wright,78
William Leonard,82
Karen Vega,64
Mike Hernandez,96
Kayla Allen,75
Jennifer Huynh,72
Sherry Hampton,88
Robert Buchanan,93
Ashley Barnes,77
Kathryn Mann,73
Calvin Caldwell II,84
Stephanie Combs,60
William Barry,77
Nicole Greene,81
Michael Munoz,89
Danny Hunt,90
Alexander Ray,98
Richard Mejia,86
Joshua Allen,100
Catherine Griffin,63
Billy Green,90
Beth Cox,99
Michelle Swanson,89
Linda Pratt,86
Sara Wallace,63
Nancy Boyer,86
Richard Rowland,87
Paul Bennett,71
Guy Carrillo,93
Anthony Fuller,88
Robert Clark,93
Kenneth Chen,99
Michael Green,60
Martin Frank,77
Laura Schroeder,90
Mr. Ricardo Burton,86
Thomas Sawyer,98
Emily Soto,92
Peter Leon,91
Angel Jackson,74
Madison Taylor,61
Collin Barnes,84
Anne Adams DVM,69
Raymond West,90
Emily Lara,82
Michael Griffith,76
Bryan Harris,97
Michelle Joseph,83
Gregory Bartlett,74
Brendan Johnson,65
Ryan Nelson,94
Jeremiah Yu,71
Cory Scott,62
Jeremy Rivers,100
Ashley Meyer,72
Breanna Patel,86
Antonio Fox,82
Robert Williams,89
Cody Weber,81
Deborah Clay,77
Lynn Good,96
Jasmine Hayes,65
Alicia Guzman,67
Jason Valencia,79
Christopher Stephens,85
Michael Reeves,99
Patrick Robinson,71
Glenda Murphy,100
Walter Peterson,80
Sean Price,67
Sarah Tucker,73
Luke Roth,68
Eileen Wilson,84
Nicole Jones,91
Carl Pratt,66
Daniel Smith,74
Mitchell Huang,100
Ryan Kelley,79
Brittany Shaw,63
Tammy Thomas,94
Mark Stafford,81
Rebecca Miller,69
Joshua Mitchell,79
Barbara Miller,62
Nathan Bolton,62
Austin Greene,78
Ian Taylor,75
Cody Jordan,63
Nathan Robinson,65
George Marquez,98
Rachel Johnson,93
Tammy Smith,64
Kyle Thomas,100
David Campos,66
Suzanne Griffith,70
Ronald Aguilar,88
Carrie Carter,63
Ryan Rodriguez,89
Justin Ramsey,66
Michael Harris,91
Matthew Werner,71
Kari Rivera,70
Kristin Mann,97
Sabrina Walker,91
Destiny Hernandez,66
Daniel Jenkins,69
James Carter,95
Angela Hicks,89
Katherine King,97
James Kline,80
Megan Taylor,71
Micheal Turner,66
Catherine Hancock,62
Laura Lee,72
Elizabeth Hart,85
William Johnson,85
Kelly Johnson,95
Jerry Hill,92
Justin Hall,74
Kelli Allen,66
Kenneth Garcia,98
Tyler Gonzalez,98
Ana Watkins,70
Heather Morton,81
Shannon Roberts,69
Cody Bishop,81
Malik Rhodes,75
Cassandra Barnett,61
Jonathon Sanchez,78
Dr. Michael Smith,72
Carla Smith,69
Lisa Jones,98
Kirsten Jenkins,67
Shawn Christian,78
Bailey Parsons,96
Connie Huber,87
Maureen Padilla,75
Robert Russo,74
William Thornton,81
Megan Vazquez,87
Jamie Duke,70
Kelly Larson,75
Shannon Kim,83
William Mitchell,85
Melanie Villanueva,85
Brian Rojas,62
Hunter Wilson,82
Claudia Williams,62
Aaron Poole,93
Frances Jackson,60
Ellen Hale,100
Paul Stevens,97
Gloria Wilson,92
Mrs. Joanne Shaw,81
Rebecca Wise,93
Rebecca Hendrix,79
Stephen Rosales,87
Michael Morse,68
Tammy Rodriguez,66
Misty Duncan,65
Alice Russell,75
Ronald Young,90
Brenda Stokes,97
Jessica Hernandez,67
Patrick Beck,73
Timothy Morris,62
David Krause,83
Kellie Walters,97
Jason Pope,60
Erin Roberts,89
Michael Logan,96
Jessica Green,77
William Gonzalez,68
Lisa Lewis,91
Daniel Wilson,84
Miss Sandra Mendoza DVM,72
Robert Hebert MD,83
Michelle Reyes,66
Douglas Adams,66
Lisa Jackson,91
William Hansen,64
Sarah Fuentes,70
Matthew Davis,61
Meredith Sanchez,61
William Dawson,92
Amber Ruiz,85
Scott Booth,90
Tracy Hernandez,63
Brittney Terry,84
Marissa Smith,77
Craig Bentley,96
Sandra Long,93
Emily Olsen,73
Austin Jenkins,67
Kevin Cole,75
Tiffany Morales,96
Kristin Vasquez,95
Katherine Riggs,89
Sara Pace,89
Sara Collins,90
Dr. Misty Morrison,90
Kathryn Ramirez,65
Brittany Hughes,75
Dr. Yolanda Thomas,100
Alexandria Chapman,96
Brenda Patel,89
Kelly Mcmahon,71
Christian Neal,66
Lacey Sanchez,60
Ms. Michelle Wright MD,98
Amy Martinez,80
Heather Dalton,94
Kerry Deleon,77
Jennifer Rivera,61
Michael Gonzalez,81
John Yates,88
Mark Hill,86
Ruth Gross,96
Chad Holmes Jr.,86
Holly Martin,71
Andrew Lowery,89
Mrs. Patricia Collins MD,93
Scott Jensen,81
Nicholas Payne,91
Monica Reed,93
Jason Heath,77
Michael Ford,79
Lisa Davis,84
Michelle Wang,76
Mario Thompson,66
Robert Martinez,90
Bruce Reynolds,71
Joshua Shaw,83
Maria Adams,89
David Moore,62
Ray Williams,88
Tracy Smith,86
Caitlin Patel,80
Joseph Maxwell,98
Michelle Walters,62
Nicole Morgan,61
Mark Mccoy,79
John Carpenter,61
Carmen Townsend,89
Mary Martinez,95
Derek Russo,89
Charles Mathis,77
Shelly Moore,83
James Moss,84
Martha Caldwell,84
Nicole Lyons,91
Jane Khan,92
Jacob Andrade,81
Jennifer Holland,61
Alyssa Holland,60
Lynn Vincent,66
Todd Floyd,83
Michelle Michael DDS,72
Carol Newton MD,69
Randall Brooks,72
John Johnson,72
Brent Maldonado,66
Jeffery Morris,93
Megan Rodriguez,67
Kimberly Valencia,83
Scott Hopkins,66
Melanie Barrett,70
Timothy Johnson,90
Bradley Sanchez,64
Tammy Giles,100
Stephanie Collins,70
Rhonda Banks,69
Jessica Ellis,99
Donald Brown,62
Yvonne Davis,93
Tanya Johnson,85
Deborah Thomas,94
Joseph Phillips,70
Richard Pennington,71
Amy Morris,85
Erin Brown,63
Eric Thomas,75
Charles Meyer,97
Justin Roth,83
Cassidy Wright,77
Lisa Byrd,95
Kristine Williams,90
Lauren Lynn,76
Sarah Brown,93
Russell Garza,86
Adam Wilson,92
Raymond Smith,60
Seth Harris,69
Brian Parks,79
Adam Andrews,80
Mikayla Lewis,95
Hunter Norton,69
Dalton Cooper DDS,79
Robert Parker,63
Brent Diaz,92
Eileen Saunders,70
Kristin Hughes,73
Jonathan Yoder,83
Mark Day,93
Amber Jennings,85
John Ramos,64
Miranda Davis,95
Anthony Holland,85
Anthony Shaw,61
Sarah Boyle,95
Jennifer Delgado,92
Marissa Thompson,63
Laura Becker,65
Alice Wolf,97
Ernest Christensen,68
Whitney Ferrell,69
Lindsey Holden,94
Joseph Butler,90
Warren Nelson,96
Carol Shaw,97
Jacob Burke,62
Donald Baker,67
Raymond Ruiz,94
Samuel Flores Jr.,78
Ronnie Suarez,83
Douglas Gonzalez,64
Eric Matthews,69
Caitlin Rodriguez,84
Russell Thomas,92
Ryan Owens,96
Tasha Rogers,64
Corey Mason,78
Tony Aguirre,99
Robert Clark,77
Jacob Roberts,75
Tracy Galvan,72
Derek Rasmussen,87
Joseph Meyer,65
David Ramirez,70
Jeffrey Harris,80
Carl Hale,90
Teresa Schmidt,90
Eduardo West,70
Phillip Moon,100
Justin Bray,93
Edward Mcdonald,77
Ronnie Patterson,85
Bonnie Jimenez,85
Timothy Greene,75
Joseph Cuevas,97
Ronald Campbell,72
James Young,66
Patricia Schneider,97
Jessica Snyder,84
Brianna Ho,84
Donna Bright,61
Morgan Dalton,87
Kevin Robinson,60
David King,80
Spencer Ingram,83
Gabriel Forbes,76
William Martin,68
Jason Bird,80
Patricia Walker,81
David Fisher,84
Justin Roberts,76
Daniel Jenkins,97
Jennifer Henry,97
Beverly Ferguson,80
Joseph Mason,100
Rachel Sanders,100
Lawrence Chan,75
Corey Chang,80
Ryan Garcia,98
Cheryl Cooley,73
Victor Delgado,72
Tracy Pena,69
Alan Cooper,89
Kevin Christensen,80
Harry Pope MD,84
Susan Lyons,99
Jennifer Walsh,86
Jack Gonzalez,60
Michael Reed,78
David Peck,65
Miguel Watson,76
Eric Holt,91
Joseph Cummings DDS,71
Austin Berger,89
Megan Torres,98
James Figueroa,75
Marcus Thompson,85
Zachary Burton,91
Vincent Jones,75
Stacey Lawrence,83
Paula Williams,80
Todd Peters,94
Debra Brown,87
William Carter,82
Eileen Reynolds,86
Anthony Campbell,63
Michael Burns,65
Gerald Phelps,78
Roy Horn,60
Martin Watson,93
Matthew Ashley,98
Samuel Rhodes,100
Robert Charles,90
Nicholas Townsend,76
Angela Clark,93
William Carson,87
Troy Bullock,86
William Johnson,83
Jamie Miller,81
Ashley Mccarthy,90
Rachel Smith,100
Monique Doyle,69
Robert Smith,76
Brendan Oliver,78
Vincent Klein,73
Jennifer Green,62
Ashley Jimenez,68
William Clark,77
Kara Sanchez,86
William Grant,94
Christina Harris,75
Cynthia Morgan,76
Kristin Barnes,70
Krystal Johnston,77
Chris Cochran,96
Elizabeth Ingram,86
Brandy Frey,87
Kirk Reyes,75
Andrea Fletcher,82
John Hall,81
Kaitlyn Figueroa,91
Joshua Pierce,79
Kevin White,96
Tim Wong,73
Sara Wells,82
Kristin Jones,76
Danielle Reyes,75
Eric Smith,65
Jamie Campbell,61
Anthony Campbell,86
Jose Brown,68
Jason Mejia,91
Laura Kelley,85
Austin Brock,96
Brianna Baker,93
Scott Miller,76
John Cooper,73
Austin Carroll,81
Bryan Ruiz,81
Chad Lawson,100
Philip Patel DVM,90
Jason Brown,99
David Stephens,66
Christine Haynes,70
Katherine Taylor,67
Amy Solomon,75
Daniel Porter,85
Jeffrey Ramos,63
Brian Pearson,62
Michael Frazier,97
Calvin Wright,84
Jennifer Parker,69
Richard Smith,98
Benjamin Frank,64
Lisa Anderson,77
Kristin Collins,90
Angela Miller,68
Ana Bryant,89
William Henderson,63
Connor Reed,63
Rebecca Hansen,68
Maria Massey,84
Mark Collins,81
Jorge Greene,64
Tyler Smith,60
Rhonda Davidson,61
Dorothy Mitchell,81
Christopher Bell,75
Laura Logan,86
Mr. Thomas Rodriguez,75
Melanie Torres,85
Jillian Parker,66
Caleb Moore,85
Lauren Hawkins,99
Lisa Campbell,84
Christie Lester DDS,82
Sandra Sullivan,95
Amanda Richardson,68
Duane Calhoun,97
Whitney Jones,64
Christina Wood,92
Dawn Cruz,62
Joseph Beck,68
Jake Taylor,65
Rebecca Haney,80
James Gonzalez,65
Jennifer Melendez,64
Micheal Hunt,77
Mark Rivera,70
Louis Benson,85
Victoria Berger,74
Melissa Sexton,84
Bradley Horton,89
Jasmine Hodges,94
Catherine Jones,88
Paige Wright,90
Stephanie Martinez,99
Albert Mason,65
Jennifer Johnson,88
Cheryl Craig,61
Diana Jones,67
Matthew Waller,89
Sally Hernandez,87
Rebecca Fuller,86
Joanna Riley,99
Ralph Wallace,70
Dana Johnson,86
Karen Hill,89
Joe Anderson IV,77
Richard Frazier,79
Maria Young,60
Mark Thompson,94
Jennifer Hall,71
Tyler Harris,87
William Smith,98
Sonia Todd,77
Dennis Sherman,68
Eric Anderson,90
Jesse Buchanan,64
James Thompson,69
Matthew Chavez,63
Jeremy Key,100
Ashley Bailey,65
Jeffery Shelton,74
Christine Mcbride,67
Brian Clark,76
Brandi Rogers,88
Megan Garcia,99
Theresa Mendoza,69
Lisa Flowers,99
Ryan Daniels,79
Douglas Mitchell,75
Brittany Morris,79
Yvette Baird,92
Brandon Hughes,88
Thomas Young,100
Katherine Garcia,78
Charles Todd,64
Jason Jackson,79
Rebecca Collins,89
Stephanie Cruz,85
Candice Wilson,96
James Perez,75
Carl Cordova,64
Mary Rios,90
Thomas Wilson,90
James Johnson,64
Clayton Hayes,75
James Patterson,100
Brian Johnson,88
Melissa Davis,94
John Griffin,88
Jeffery Shields,91
Donna Patterson,100
Leslie Harris,94
Rebecca Burnett,97
Elizabeth Walton,85
Renee Gonzalez,67
Jonathan Jimenez,79
Kristopher Waller,67
Morgan Hudson,66
Deborah Sullivan,60
Austin Lucas,82
Natalie Bauer,86
Jessica Jackson,68
Jody Roberts,72
Troy Shaw,85
James Gibson,66
Scott Thomas,95
Gabrielle Sanchez,79
Michele Buck,79
Shelby Carroll,96
Andrew Miller,83
Amanda Neal,61
Allen Roman,76
Michael Arias,88
Steven Johnson,74
Joseph Stanley,92
Scott Vazquez,95
Jasmine Huffman,91
Amy Harper,78
Jessica Cooper,64
John Rodriguez,62
David Anderson,84
Darren Mcclure,93
Todd Phelps,64
Jennifer Medina,92
Andrea Anderson,81
Kenneth Anderson,69
Amy Riley,93
Kyle Larsen,90
Joshua Jackson,61
Anna Flores,85
Shannon Santos,65
Mrs. Hannah Graham MD,92
Ashley George,76
Michael Massey,91
Adam Cook,78
Kelly Armstrong,67
Russell Harris,62
Jason Pearson,73
Louis Cuevas,90
Earl Rogers,67
William Nguyen,66
Douglas Cooper Jr.,80
Lisa Hinton,67
Emma Porter,78
Antonio Brown,92
Samantha Love,99
Kathleen Peters DDS,67
Christine Robinson,87
Gloria Robinson,65
Brenda Schmidt,87
Kristen Valentine,80
Tom Lane,81
Rodney Perry,76
David Salinas,100
Ian Wilson,74
Isabella Santos,63
Sonia Roberts,63
Kyle Ortega,70
Kristen Perez,82
Jennifer Cameron,72
James Cox,97
Amy Mclaughlin,69
Steven Estrada,83
Daniel Roberson,85
Mark Young,85
Brian Downs,86
Courtney Banks,74
Paige Smith,64
Rachel Barajas,72
Joanne Mcclain,96
Stephen Robbins,82
Tara Ramirez,64
Toni Anderson,86
Lindsey Allen,73
Peter Winters,98
Travis Avila,72
Sarah Hunt,74
Jason Meadows,86
Collin Jones,97
Tracey Mendez,84
Dawn Kelley,85
Andrew Schmidt,68
Kathryn Cannon,60
Lisa Hendricks,62
Brenda Payne,99
Donald Myers,69
Paul Walker,69
Elizabeth Thomas,93
Mathew Stewart,64
Tonya Owens,98
Brett Shepherd,82
Mark Gomez,74
Jasmin Oneal,61
Michael Mcbride,71
Natasha Johns,74
William Butler,88
Eric Watson,80
Cindy Mendoza,97
Eric Harris,100
Amber Holland,66
Courtney Rosario,67
Julia Davis,99
Chris Hoffman,95
Kristi Perez,92
Christopher Larson,75
Richard Bennett,62
Taylor Johnson,74
Bryan Barton,63
Kathleen Richardson,94
Steven Anderson,85
Steve Burns,81
Joshua Bailey,81
Erika Henry,75
Tammy Gibson,68
Amy Hunter,87
Jeffery Brown,77
Jill Mcmahon,75
Christina Lee,68
James Montgomery,68
Ryan Mendoza,75
Christine Smith,88
Andrea Jones,94
Kenneth Stevens,82
Jennifer Ortiz,96
Brooke Barton,75
Michelle Horton,88
Mark Garcia,90
Brian Ward,80
Peter Nash,80
Rebecca Smith,88
Susan Price,100
Alison Wilson,75
Sara Williams DDS,86
Sharon Avery,63
Ronald Smith,80
Michael Johnson,98
Austin Lewis,69
Cindy Andrews,69
Julie Anderson,76
Catherine Barnes,86
Anthony Young,88
Daniel Morrow,74
Anita Wagner,61
Cory Wong,62
Nicole Martin,62
Laura Hernandez,95
Christopher Thomas,95
Daniel Rios,62
Darrell Manning,100
Jennifer Steele,98
Brian King,81
David Yu,86
Steven Torres,77
Nathan Huber,79
Patricia Lowe,99
Angela Berger,67
Kimberly Solis,72
Kyle Brown,90
Andrew Burke,66
Rebecca Roberts,91
Sarah Thomas,85
James Shaw,78
Megan Smith,80
Roberto Santos,69
Carmen Gilbert,83
Judith Adams,71
Sarah Mcdonald,61
Danielle York,94
Heather Mcdonald,76
Eric Silva,100
Mark Fuller,76
Shawn Rubio,81
Joanne Hines,76
Lisa Harris,76
Gabrielle May,93
Robert Strickland,89
Ronnie Meadows,60
Kathryn Robinson,68
Bobby Woods,61
Nicholas Tucker,94
Heidi Johnson,73
John Hall,91
Michael Hammond,64
Lawrence Vazquez,100
Roger Miller,91
Steve Mitchell,68
Mary Elliott,92
Kimberly Duncan,64
Susan Hudson,60
Robert Marshall,67
Kathleen Smith,71
Brenda Miller,73
Brian Rodriguez,80
Kimberly Torres,75
Stephanie Lewis,71
Sarah Jefferson,74
Lisa Ingram,91
Paul Ross,93
Gabriel Wilson MD,74
Jesse Lee,62
Erin Melton,84
Tiffany Paul,98
Christine Perez,95
Lisa Brown,89
Daniel Baldwin,98
Ann Perkins,93
Courtney Ramos,94
Russell Brock,96
Norma Price,89
Veronica Rhodes,64
Joshua Montoya MD,79
Harry Morales,75
Brittany Nunez,70
Sandra Petersen,60
Diana Edwards,73
Matthew Fitzgerald,87
Bryce Fleming,98
Benjamin Roberts,96
Vickie Hoover,85
Brandon Rivera,77
Andrea Schwartz,100
Keith Evans,71
Katie Taylor,78
William Perry,77
John Vasquez,82
Mary Perez,96
Sandra Johnston,71
Debbie Wise,82
Kevin Fisher,73
John Dean,69
Cory Hall,77
Patricia Lee,76
Timothy Daniels,86
Robert Brown,74
Anna Chan,69
Paul Oliver,67
Brenda Duncan,79
Kristin Jackson,65
Joseph Jacobs,83
Tiffany Hart,68
Brandon Morris,75
Christopher Jenkins,87
Ann Avila,74
Joseph Anderson,87
Courtney Johnson,63
Kelli Stewart,97
Jacob Johnson,92
Stephanie Chen,80
Tracy Phillips,93
Christopher Mcbride,98
Paul Jenkins,80
Chad Cruz,74
Shelly Tran,60
Diana Russell,97
Cassidy Chandler,94
Lindsey Elliott,93
Leslie Jones,70
Brent Reyes,64
Raymond Mooney,65
Connor Ward,97
Andrew Carpenter,72
Shannon Rice,73
David Hansen,91
Calvin Wright Jr.,61
Terry Mcknight,94
Thomas Cain,84
Jonathan Taylor,95
Melanie Taylor,98
Jeremy Smith,62
David Wood,87
Amber Alvarado,63
Nicole Acevedo,92
Jodi Gibson,71
Garrett Graves,77
Jessica Mendoza,75
Jennifer Ingram,75
Barbara Watson,67
Sharon Brown,71
Diane Reese,99
Karen Jackson,68
Kristie Escobar,78
Emily Welch,65
Terry Flynn,91
Cynthia Hughes,94
Kayla Oliver,95
Austin Taylor,89
Lisa Ramirez,97
William Robinson Jr.,67
Brandon Martin,76
Anthony Myers,76
Stephanie Faulkner,76
Charles Nelson,82
Tami Walker,71
Sarah Jordan,75
Shawn Jenkins,85
Todd Klein,86
Alexandra Burton,96
Jason Rivera,100
Jermaine Campbell,73
Corey Gonzales,75
Tyler Fox,81
Toni Rice,99
Taylor Cox,67
Paula Cain,87
Shari Tucker,83
Christopher Anderson,72
Troy Braun,90
Juan Knight,97
Cody Dillon,68
Steven Cooper,85
Danielle Wilson,97
Melissa Chavez,71
Jose Estrada,89
Jermaine Smith,86
Denise Guzman,98
Hunter Harrington,86
Cameron Graham,76
Thomas Key,91
Shane Page,91
Brandon Santiago,80
Kyle Nash,73
Deborah Gonzalez,95
Brent Smith,61
William Osborn,91
Jerry Fitzgerald,83
James Novak Jr.,100
Sylvia Ray,81
Nicole Harris,75
Erin Aguirre,79
John West,63
Christina Glover,69
John Fletcher,60
Matthew Klein,74
Christina Rodriguez,77
Courtney Black,98
Tammy Roberts,64
Tina Taylor,97
Spencer Salazar,82
Amy Wiley,69
Miguel Kennedy,69
Jason Rocha,95
Jacqueline Garcia,67
Chelsea Martinez,87
Matthew Sullivan,95
James Stafford,63
Christina Smith,83
Anna Williamson,86
Eric Oneal,96
Michael Ross,75
Miranda Booth,60
Heather Snyder,87
Kimberly Williamson,97
Henry Walsh,99
Kevin Young,66
Michelle Decker DVM,78
Jessica Palmer,94
Heather Lopez,84
Holly Nguyen,92
William Green,89
Matthew Rivera,73
Brian Robinson,72
Erica Wilkins,63
Anna Allen,99
Christian Melton,64
Kim Smith,76
David Obrien,72
Cheryl Mckinney,88
Kathleen Wise,86
Patricia Powell,60
David Rowe,80
Amber Mathews,67
Lawrence Myers,74
Bob Burke,91
Lisa Williams,77
Michael Morgan,76
Patricia Baker,97
Bridget Cervantes,73
Debra Allen,70
Allison Chaney,81
Jessica Brewer,75
Rodney Nelson,85
Scott Horton,78
Greg Harris,87
Lynn Jones,95
Jeffrey Hess,65
Veronica Adams,78
Abigail Thompson,74
Edward Dixon,63
Courtney Barnes,85
Michael Crane,88
Abigail Taylor,100
Derrick Woods,86
Sherry Mitchell,79
Brittany Deleon,85
Rebecca Hartman,82
Scott Hendricks,69
Kelli Richard,69
Derek Guzman,89
Jason Smith,83
Robert Krueger,76
Kathleen Davis,90
Francisco Cardenas,70
Michelle Lopez,92
James Willis,67
Kevin Bell,66
Shannon Rogers,95
Erica Lang,97
Joseph Christensen,77
Jay Bentley,97
Dana Rivas,98
Charles Casey,63
Barry Valentine,73
Paul Blair,69
Andrew Gross,87
Michele Bryant,100
Michelle Benitez,81
Sophia Farmer,71
Shelby Ramos,95
Joshua Lopez,83
Neil Moore,95
Sarah Love,64
Jessica Sandoval,74
Eric Rodriguez,100
Courtney Best,97
Scott Ellis,89
Ashley Hernandez,81
Jose Bernard,70
Zachary White,65
Teresa Kirk DVM,61
Heidi Cain,87
Sheila Lara,95
Patricia English,91
Sharon Miller,71
Kenneth Gilmore,77
Sean Thompson,95
Makayla Carr,92
Brittany Davis,78
Kristen Harper,96
Sara Kelly,94
Donna Cook,70
Linda Tanner,81
Erika Lee,75
Patricia Smith,67
James Mercado,76
Alec Powell,79
Norma Sanchez,100
Joshua Wallace,79
Larry Herring,90
Ms. Monique Obrien MD,74
Jimmy Fitzgerald,99
Raymond Bradford,61
Gerald Herring,76
Brian Ayala,73
Sarah Davis,73
Michael Olson,96
Jason Taylor,80
Melissa Christensen,67
Joy Morales,94
Shawn Lynn,64
David Walker,68
Laura Jones,84
Joshua Moore,91
Andrew Gallagher,89
Taylor Meadows,80
Richard Edwards,84
Theresa Garcia,68
Brian Pierce,63
Matthew Marshall,90
Molly Lewis,98
Mr. Daniel Adams,60
Courtney Gutierrez,73
Jeremy Fields,69
Sean Fletcher,76
Marissa Martinez,80
Angela Davis,78
Michael Bailey,100
Miguel Brown,100
Luis Baker,94
Rachel Conner,84
Daniel Baldwin,85
Samantha Kemp,97
Paul Sheppard,60
Cody Medina,96
Jason Dorsey,71
Lori Roberts,70
Lisa Gutierrez,83
Rebecca Jenkins,97
Sheila Richards,94
Mrs. Barbara Mora,84
Robert Elliott,77
Kevin Rogers,94
Michael Barrera,99
Sheri Huang,64
Robert Long MD,65
Stephanie Benitez,76
Courtney Miranda,95
Dana Ramirez,80
Christopher Jones,80
Dr. Christian Barnett,66
Whitney Woodward,71
John Salinas,63
Stephanie Price,60
Tom Brown,100
Anna Hoffman,77
Sean Reese,89
Kimberly Thornton,66
Jason Silva,65
Matthew Lopez,87
Curtis Vasquez,100
Terri Mcdowell,69
Shawn Ware,79
Marcus Poole,91
Bruce Johnson,87
Brianna Garcia,78
Mary Shaw,100
Kelly Whitaker,60
Michael Pratt,76
Brittney Martinez,76
Joseph Hernandez,63
Kenneth Walker,60
Brian Allen,66
Douglas Campbell,79
Kristina Blevins,86
Catherine Johnson,83
Jason Perez,64
Matthew Lynn,65
Christina Ford,84
Mary Espinoza,77
Kenneth Murphy,86
Jonathan Collins,60
Michael Walker,88
Ruben Mccarthy,80
Richard Johnson,97
Jennifer Stephens,73
Ashley Lewis,74
Benjamin Hogan,88
Allen Booker,85
Lynn Silva,67
Catherine Mendez,62
Diane Moran,84
Deborah Stephens,81
Angela Wise,100
Gregory Johnson,72
Kara Parker,100
Gloria Morgan,91
Natasha Bowman,86
Ricardo Espinoza,95
Mark Chang,89
Edward Avila,70
Anna Smith,93
Kenneth Gonzales,98
Justin Ryan,68
Ashley Pearson,90
Christopher Hart,64
Barbara Ortiz,60
Sarah Knox,66
Brenda Gonzalez,72
Heather Rojas,99
Jonathan Dominguez,94
Wayne Watson,100
Kyle Mccoy,61
Alicia Tanner,72
Katie Stevens,69
Brenda Cox,76
Julia Martinez,97
Beverly Cross,70
Kimberly Brown,89
Stephanie Cox,99
Jeffrey Dominguez,62
Bethany Miranda,74
Michael Higgins,74
Rachel Thomas,87
Jimmy Goodwin,65
Madison Robinson,90
Carol Castaneda,88
Mackenzie Martin,63
Hayden Murphy,70
Scott Munoz,92
Paul Carney,76
Kimberly Case,97
Rachel Gonzalez,81
Emily Nguyen,87
Jason Ruiz,77
Joe Dillon,86
John Brooks,61
Steven Parks,99
Jonathan Barber,93
Joseph Norris,84
Brianna Sawyer,83
Whitney Wilson,64
Angel Williams,83
Kathryn Stone,83
Kimberly Elliott,95
Todd Richards,93
Amy Alvarez,69
Jermaine Bates,76
Denise Carr,67
Kevin Hayes,87
Jeffrey Maldonado,87
Rodney Singleton,60
Jose Ferguson,91
Mr. Micheal Smith,78
Rebecca Mcintyre,77
Lori Walker,72
Dr. Michael Rogers,65
Phillip Weaver,97
Heidi Lopez,98
Jasmine Gomez,79
Chase Berry,92
Jacob Henry,65
Marissa White,95
Thomas Roberts,94
Patrick Torres,67
Marc Levine,65
Jessica Thompson,71
Brenda Ray,65
Susan Miller,61
Morgan Poole,62
Andrew Clements,82
Hunter Nguyen Jr.,62
Allen Anderson,88
Mike Smith,98
Tina Gray,99
Justin Weaver,99
Sharon Wood,81
Cynthia Taylor,95
Eileen Freeman,70
Deborah Day,98
Jonathan Wolfe,65
Julie Nelson,98
Mary Moreno,76
Ronald Cook,61
Jessica Jones,64
Courtney Klein,84
Stephen Berry,99
Brian Kaufman,64
Matthew Edwards,69
Kristen Rodriguez,73
Anthony Ward,95
Leslie Holmes,80
Debra Reeves,99
Laurie Chapman,66
Tanner Horton,77
Donald Shaw,94
Tyler Gonzalez,96
Debbie Ayala,94
Andrea West,93
Chelsea Hale,98
Taylor Harris,99
Joshua Palmer,91
Juan Garcia,72
Daniel Dixon,65
Julie Flores,78
Jared Bates,74
Ryan Bruce,83
Matthew Watkins,93
Rachel Jones,93
Leslie Ross,78
Hayley Clements,99
Cody Mclean,95
Wyatt Hamilton,70
Jeffery Warren,96
Stephanie Mcdowell,74
Jennifer Johnson,98
Mr. Mitchell Lopez,87
Michelle Decker,73
Jacob Stone,69
Oscar Smith,78
Samuel Moore,100
Jerry Bray,70
Teresa Woods,66
Cheryl Higgins,90
David Harvey,73
David Maynard,86
Cody Santos II,64
Austin Douglas,95
Dennis Chapman,77
Jeffrey Carter DDS,100
Sara Huber,89
Joseph Baird,65
Terry Hall,74
Kathleen Johnson,66
Colin Newman,60
Billy Glover,65
Monica Henry,64
Cassandra Greene,64
Michael Smith,72
Tammy Harvey,90
Paul Olson,77
Gabrielle Dixon,83
Matthew Dorsey,92
Brooke Green,68
Randall Jackson,90
Janice Curry,71
Jessica Russo,86
Debra Jackson,83
Erik King,100
Todd Ward,75
Kristy Mclean,89
Thomas Ramirez,86
Riley Ibarra,69
Amy Morgan,80
Michael Greene,61
Terry Montoya,67
Karen Chan,79
Bradley Larson,74
Kenneth Blanchard,68
Michael Lewis,93
Tracey Phillips,78
Jennifer Rodriguez,67
Crystal Berry,85
Michelle Valentine,98
Jon Romero,91
Wesley Brown,70
Brandi Williams,74
Amanda Smith,95
Julia Martin,76
Victor Stephenson,85
Christopher Long,85
Kimberly Bauer,63
Patrick Rodriguez,92
Nicole Sanford,79
Jenna Davis,92
Vincent Jackson,87
Katherine King,81
Nicholas White,94
John Bowman,98
Kathleen Sanchez,79
Roger Cochran,93
James Ramirez,74
Robin Estrada,60
Paul Mcfarland,86
Victoria Tate,66
Catherine Mcclain,94
Dennis Kelly,98
Ashley Collins,95
Michelle Rice,85
Crystal Fleming,90
William Ho,99
Teresa Walker,85
Matthew Carey,71
Mrs. Cynthia Edwards,73
Christine Crosby,81
Willie Lowery,81
Rebekah Gutierrez,69
Brian Cooke,99
Donna Michael,95
Lauren Cook,76
Donald Pierce,88
Nicholas French,74
Lori Barber,91
Mrs. Sharon Nguyen,75
James Miller,95
Rose Walker,100
Thomas Freeman,98
Kara Hunt,75
John Taylor,71
Marie Davis,79
Mary Anderson,94
Jenny Rosario,63
Colin Mullins,91
Karen King,64
Leslie Gross,85
Laurie Chandler,92
John Fernandez,89
Morgan Gray,94
Samuel Rios,76
John Perkins,84
Jesse Palmer,99
Louis Brown,93
Ronald Cooper,87
Karen Johnson,66
Deborah Green,62
Brett Gutierrez,62
Alicia Garner,83
Stephanie Miller,86
Jennifer Herrera,99
Janet Casey,77
Maria Dixon,61
Joseph Moss,81
Paul Smith,61
Roberto Lewis,68
Mrs. Betty Reynolds DDS,87
Ruth Brown,65
Eric Jones,60
Allison Robinson,86
Jason Dillon,97
Christina Cruz,84
Danielle Valenzuela,60
Sharon Nichols,85
Amy Kidd,88
Vincent Goodwin,77
Shannon Villanueva,96
Mario Ramirez,93
Miranda Nixon,85
Michelle Wilson,97
Tammy Gomez,92
Jacqueline Small,81
Donna Bush,65
David Moore,92
Robert Johnson,90
Cindy Horton,60
Karen Sparks,77
Gabriel Henderson,86
Valerie Sandoval,90
Christian Green,66
James Mueller,88
Kathleen Evans,62
Michelle Moran,65
Sarah Stevens,74
Andrew Walsh,81
Matthew Stanley,94
Timothy Miller,98
Tina Morris,90
Christopher Mendoza,92
Joshua Cantrell,74
Sarah Lozano,93
Makayla Miller,91
Mr. Daniel Sanchez,88
Christopher Rice,79
James White,80
Mark Henry,81
Nicholas Benson,78
Grace Lopez,84
Ronald Lambert,85
Todd Gonzalez,96
Cameron Bradshaw,72
Jack Montgomery,66
Steven Montgomery,62
Johnathan Rangel,96
Angel West,93
Isabella Jackson,81
Christopher Coleman,81
George Garcia,99
Heather Phillips,70
James Brown,64
Tyrone Hoffman,94
Joshua Cox,82
Henry Hanson,74
Raymond Bradshaw,66
Mike Reynolds,81
Daniel Warren,94
Rebecca Ochoa,95
Donna Ross,80
Dr. Paul Johnson Jr.,94
Mary Sanders,85
Marc Hodges,80
Matthew Cunningham,98
Tanya Porter,91
James Williams,69
Bonnie Willis,100
Amy Norman,70
Jack Robinson,94
Tracy Scott,92
Jacob Vasquez,94
Anthony Marks,81
Cynthia Davidson,60
Dr. Steven Franklin,76
Stephen Joyce,71
Stephen Mccall,75
Colton Fitzpatrick,95
Brenda Jimenez,94
Chelsea Williams,85
Victor Johnson,73
Michelle Johnson,85
Kenneth French,95
Cameron Barker,62
Lawrence Delgado,65
Scott Ford,63
Travis Mcbride,64
Jennifer Lucas,87
Sara Williams,87
Christopher Gonzalez,96
Michael Rodriguez,80
Adam Barnes,68
John Leblanc,77
Regina Hill,94
Jade Garcia,92
Brittany Todd,99
Patricia Weaver,79
Casey Rivera,82
Monica Curtis,66
David Smith,80
Andrew Jenkins,72
Nicholas Jones,99
Jaime Rivera MD,77
William Miller DDS,65
Alyssa Olsen,94
Brian Harris,86
Joseph Kaufman,64
Anthony Brown,68
Mary Lee,100
Brian Thomas,75
Seth Moore,83
Adam Hall,73
Anthony Hill,70
Anthony Porter,61
Jacob Oneal,86
Desiree Hodges,86
Brenda Pierce,90
Matthew Ray,72
Maria Warner,88
Mike Brown,79
Casey Pena,92
Jessica Smith,78
Alexander Fuentes,72
Cheryl Smith,99
Nicole Long,65
Allen Dickerson,73
Thomas Barker,91
Susan Parks,63
Jordan Hooper,97
Tyler Davis MD,60
Brett Davis,89
Robin Gilmore,95
Alexander Tucker,78
Linda Stewart,85
Amanda Mann,74
Paul Robinson,88
Jennifer Spencer,100
Beverly Harris,68
Katie Shaw,94
Bobby Duncan,95
Kim Cain,84
Mason Perez,68
Richard Espinoza,91
Sheila Dudley,82
Victoria Roberson,87
Laura Jones,64
April Barnett,98
Daniel Hamilton,67
Christopher Bowman,100
Molly Leon,65
Lee Bryant,93
Katherine Rollins,71
Melissa Peterson,73
Jennifer Lambert,68
John Mccullough,93
Katie Watson,77
Wendy Brown,78
Crystal Ortega,69
Lee Cruz,94
Jacob Brennan,87
Michael Farrell,67
Christopher Brown,94
Zachary Bullock,95
Mark Green,69
Patricia Cooper,96
Jacob Marquez,82
Teresa Freeman,100
Maurice Martinez,72
Mr. Joseph Meyer,75
Rebecca Nelson,71
Melissa Wilson,96
Jeffrey Cuevas,75
Lacey Bishop,87
Benjamin Herrera,79
Charles Guerra,93
Jackson Campbell,73
Melissa Daugherty,62
Raymond Cole,94
Joy Mcclure,72
Matthew Ayala,70
Donna Chaney,82
Joshua White,83
Marvin Bennett,78
Marie Hebert,64
Scott Lewis PhD,84
Latoya King,84
Ronald Medina,98
Corey Keith,72
Jacob Garcia,84
Margaret Alexander,62
Robert Vazquez,64
Cynthia Mcgee,88
Brian Miller,75
Ivan Lee,65
Karen Schwartz,70
Melissa Wiggins,92
Scott Oconnor,86
Regina Garcia,78
Jeffrey Williams,65
Lisa Cannon,70
Sara Brooks,83
Penny Gordon,70
Kevin Herrera,87
Christopher Harrison,63
Anthony Owen,71
Louis Thomas,72
Nicholas Brooks,84
Joel Walsh,60
Anna Hawkins,92
Joshua Nichols,66
Russell Colon,88
Abigail Frey,64
Renee Gomez,69
Randy Torres,90
Adam Weaver,63
Mark Serrano,88
Samantha Collins,97
Sheena Perkins,92
Karen Boyer,67
Amanda Hawkins,96
Jessica Jensen,91
Marie Smith,78
Angela Park,100
Phillip Russell,89
Courtney Summers,87
Katherine Boyd,78
Dr. Ricky Webb,79
Michael Martin,67
Mark Day,81
Curtis Hunt,88
Jordan Patton,87
Marissa Goodman,77
Brandy Garrett,75
Jermaine Haynes,84
Mario Smith,96
Heidi Adams,64
Barbara Lee,61
Maurice Lewis,64
Pamela Butler,85
Regina Keller,81
Jennifer May,84
Angela Cook,95
Jared Jones,93
Dawn Turner,67
Ashley Adams,91
Michael Martinez,80
Donna Collins,74
Christopher Greene,81
Alexandra Baxter,99
Joanna Johnson,64
Emily Robinson,80
Brent Wells,75
Sara Ellis,62
Eric Hays,70
Becky Robertson,67
Stacy Smith,91
Robert Price,67
Scott Gray,62
Spencer Skinner,66
Kathryn Tate,94
Diane Cook,98
Victor Jackson,77
Natalie Collier,76
Mr. James Steele,66
Dawn Mckee,94
Eric Booth,72
Thomas Hickman,67
David Murray,68
Stephanie Curry,73
Troy Warren,83
Jason Khan,85
Kevin Sanders,79
Matthew Romero,66
Jon Nolan,80
Carly Garcia,87
David Galvan,90
Holly Wright,60
Daniel Brown,98
Karen Bailey,84
James Lawson,79
Alexandria Smith,83
Thomas Garcia,86
Andre Rogers,60
Jesse Clark,80
George Hamilton,87
Brandy Dougherty,63
Katherine Hammond,84
Whitney Holden,88
April Pierce,77
Dean Pena,73
Tracy Stewart,92
Lisa Ramirez,66
Jonathan Perez,78
Patrick Morales,82
Nathan Gray,70
Marie Stein,89
Shelby Stephens,89
Stacey Mckee,71
Andrew Aguilar,72
Jessica Diaz,72
Kimberly Myers,79
Judy Smith,66
Colton Roberts,71
Diana Reed,73
James Watkins,86
Kristin White,82
Kevin Armstrong,73
Sarah Perez,63
Steven Jones,72
Henry Shannon,71
Julia Payne,67
Jacqueline Washington,87
Patricia Miller,76
Andrew Gallagher,93
Caitlin Benton,91
Megan Joyce,90
Walter Torres,67
Alex Christian,90
Abigail Hill,89
Megan Gordon,87
Jesus Martinez,74
David Ruiz,90
Ms. Chelsey Singh,62
Erin Howard,66
Tina Reed,68
Leonard Romero,81
Brittany Robinson,87
Amy Marshall,69
Rebecca Gould,78
Kathy Hawkins,87
Kathryn Sosa,88
Kimberly Bean,74
Darren Frye,100
Christopher Burton,60
Todd Harvey,87
Melissa Mann,62
Jeffrey Frank,63
Andrew Page,60
Curtis Brown,94
Andrew Moore,82
Mathew Hill,83
Micheal Mendoza,93
Patricia White,96
David Brown,95
Lisa Mitchell,77
Christopher Curtis,83
Rickey Norris,94
Jessica Mathews,62
Stephanie Parker,84
Michael Murray,72
Terry Ibarra,70
Charles Rhodes,62
Sherry Reynolds,81
Luis Miller,81
Jeffrey Merritt,92
Stephanie Wilson,82
Michael Shelton,66
Isaac Rivera,60
Angela Smith,65
Alyssa Mclaughlin,86
Stephanie Peterson,88
Alejandro Faulkner,62
Mary Reese,62
Rebecca Edwards,99
Mary Gallagher,84
Craig Graham,81
Julie Howard,77
Kevin Boyer,100
Sylvia Tate,96
Amy Glover,76
Amber Lamb,91
Johnny Mcmahon,69
Alicia Mitchell,77
Dr. Matthew Quinn,69
Tamara Castro,98
Hannah Jones,78
Amber Jordan,77
Tonya Gonzales,92
Bethany Lowery,87
Anthony Delacruz,60
Mrs. Allison Morales MD,86
Pamela Oneill,71
Jamie Hoover,68
Christopher Sanchez,63
Rebekah Webb MD,79
Timothy Turner,77
Valerie Malone,73
Christopher Evans,88
Christina Haas,76
Laura Garcia,77
Megan Byrd,91
Lee Green,67
Kevin Jones,65
Austin Gates,78
Gregory Hardin,73
Dennis Hines,81
Herbert Henderson,82
Amber Moore,64
Taylor Barnes,62
Adam Smith,76
Jay Freeman,94
Anna Olson,74
Mandy Gallagher,62
Matthew Davidson,88
Sydney Smith,91
James Goodwin,79
Tara Garcia,65
Joshua Gomez MD,95
Derrick Payne,75
Brent Thompson,73
Bradley Perez,99
Christina Shelton,81
Andre Edwards,62
Justin Patterson,95
Anthony Miller Jr.,73
Pamela Byrd,82
Ashley Wilson,77
Julie Caldwell,73
Russell Small,87
Jessica Warren,73
Jordan Butler,60
Stacey Williams,80
Alex Novak,83
Sarah Mitchell,71
Madeline Simon,93
Mary Valentine,97
Walter Lee,96
Brett Bradley,66
Allison Shields,78
Nicole Roth,99
Connie Melendez,87
Sophia Arnold,74
Carmen Landry,75
James Riley,94
Christine Holmes,78
John Dorsey,80
Elijah Richardson,64
Donald Black,64
Jennifer Meza,87
Jennifer Jackson,78
Gina Kemp,72
Alicia Wagner,91
Brandon Bishop,79
Eric Nguyen,81
Christopher Hall,63
Angela Stewart,81
Jeffrey Robinson,61
Cynthia Marsh,85
Richard Guerrero,77
Melinda Harrington,68
David Ellis,93
Candice Delacruz,96
Robert Gomez,80
Mary Jones,87
Tammy Thompson,96
Vincent Myers,84
Sandra Gonzalez,61
Jack Cole,67
John Morris,70
Pamela Wallace,62
Benjamin Anderson,76
Amy Stewart,92
Peter Barnes,75
Jeffrey King,97
Jason Ryan,96
Nicole Spears,80
Maria Estrada,91
Sheryl Weber,79
William Murray,79
Justin Myers,81
Samuel Francis,100
James Andrews,92
Michael Jones,99
Barbara Chase,88
Anthony Blackwell,98
Regina Whitehead,94
Sharon Cunningham,70
Jeremy Baldwin,79
Daisy Elliott,79
Amy Bryan,90
Heather Saunders,88
Carol Henderson,82
James Garcia,90
Jennifer West,83
Catherine Tate,64
Karen Bailey,93
Deborah Morrison,78
Elizabeth Long,61
Kayla West,74
Sarah Klein,97
Dr. Heather Bailey,87
William Shaw,60
Madison Peterson MD,95
Logan Anderson,79
John Travis,78
Jose Curtis,81
Deborah Davis,72
Francisco Gross,91
Mark Pearson,90
Louis Allen,70
Adrian Hernandez,98
Stephen Collier,96
Deborah Johnson,70
Jerry Dominguez,86
Emily Clark,77
Lisa Nunez,68
Jacqueline Ball,79
Mark Rogers,97
Edward Beltran,96
Shelby Adkins,96
Stephen Oneill,69
Erika Hall,93
Ronald Bradford Jr.,60
Jessica Jones,71
Jennifer Jackson,72
Samantha Bird,79
Rebecca Murphy,80
Christina Williams,77
Katrina Randolph,91
Mark Powell,91
Terry Ferguson,78
Kelsey Reyes,92
Kimberly Norris,97
William Anderson,87
Danny Pugh,86
Courtney Gordon,80
Adam Williams,61
Mrs. Aimee Butler,75
Angela Robinson,81
Anna Hayes,97
Edward Buckley,86
Anna Riley,97
Kimberly Keith,93
Gerald Sexton,74
Joshua Rose,80
Jennifer Peterson,94
Tammy Holland,79
Jennifer Ramirez,92
James Martin,85
Tiffany Larsen,87
Randy Nelson,65
Rachel Williams,88
Mr. Marcus Stanley DVM,91
Peter Williams,99
Isaac Bond,92
Anita Leonard,83
Jonathan Shelton,69
Brett Ward,87
Tammy Becker,90
Amanda Frank,90
Richard Garza,76
Laura Bishop,74
Michael Gibson,86
Brittany Williams,83
Joseph Harrington,98
Alejandra Rodriguez,81
Pamela Perkins,81
Rachel Santiago,69
Sierra Robinson,74
Sara Jackson,97
Richard Carpenter,61
Billy Griffin,73
Mark Kidd,63
Jessica Robinson,93
Carol Cohen,67
Eric Anderson,79
Matthew Mccoy,82
William Davidson,75
Brenda Johnson,89
Timothy Hughes,80
Randy Graham,76
Timothy Oneill,89
Nicole Baker,78
Jasmine Ortiz,76
Ashley Alvarez,83
Carmen Keller,74
Tiffany Sandoval,81
Christopher Santos,82
Scott Bailey,63
James Arroyo,96
Marc Griffith,98
Cody Whitaker,65
Terry Robertson,78
Jordan Gonzalez,69
Anna Jones,70
Pamela Rivera,81
Kayla Ball,77
Michael Smith,65
Angel Kelly,98
Melissa Watson,61
Lisa Lawrence,86
Christopher Collins,97
Eric Mccann,61
Loretta Edwards,88
Sarah Rodriguez,83
Valerie Simpson,63
Brandon Fitzgerald,63
Cynthia Martin,88
Kelly Hawkins,72
Carla Sherman,89
Dale Carroll,73
Ralph Gallagher,98
Paul Gonzalez,63
Nicholas Stone,66
Karen Krueger,100
Gregory Ballard,61
William Castaneda,70
William Ramos,64
Joanna Jones,89
Dana Simmons,94
Christina Owens,77
James Rojas,85
Wendy Jones,83
Joseph Bryant,66
Donna Ellis,73
Ryan Lopez,84
Alicia Freeman MD,74
Casey Johnson,78
Jacqueline Holland,96
Linda Rogers,78
Joseph Turner,99
Charles Whitaker,70
Nathan Kerr,69
Marie Meza,88
Brittany Arias,84
Rebecca Ellison,91
Theresa Roberts,65
Danielle Collier,85
Beth Hunter,64
Desiree Collins,76
Robert Burns,61
Daniel Crosby,89
Lisa White,65
Tyler Brown,77
Bridget Cummings,80
Jason Stout,70
Robert Burton,97
Gerald Wells,67
Edward Fry,95
Bryan Osborne,65
Cindy Graham,66
Emma Solis,77
Jennifer Harris,65
Timothy Mcintyre,77
Beth Hall,94
Jonathan Barr,64
Jeffrey Lewis,95
Shannon Brown,71
Zachary Aguirre,100
Alyssa Perry,95
Jack Delgado,82
Rachel Gomez,100
Joseph Turner,67
Kayla Soto,81
Julie Miller,97
Amanda Sullivan,79
Alicia Smith,91
Monica Williams,87
Christine Ross,95
Stephen Patel,92
Philip Sanchez,83
Lynn White,85
Mike Morris,83
Jason Reed,72
Edward Coleman,92
Joshua Fuller,84
Vincent Bryant,99
Aaron Johnson,80
Lisa Gray,93
Blake Hogan,91
Bryan Acosta,76
Scott Huber,95
Jennifer Rodriguez,90
Adrian Ross,87
Richard Floyd,89
Mark Perez,86
Sandra Mccarty,77
Tara Reese,88
Richard Perez,74
Jesse Allen,94
Chad Sullivan,65
Andrew Garcia,97
Kyle Clarke,94
Harold Sanchez,86
Ashley Delgado,85
Karen Johnson,73
Jose Jordan,76
Robert Schultz,61
Lisa Berry,83
James Brown,97
Michael Cortez,87
Matthew Henderson,99
Cristina Williams,77
Megan Long,77
Judith Davis,74
Leah Sullivan,64
Kevin Green,90
Ryan Willis,97
Lisa Hansen,84
Bethany Carson,71
Chelsea Ramos,78
Gerald Holmes,87
Jennifer Thornton,100
Hunter Hall,74
Steven Adams,69
Stephanie Moore,92
Rebekah Perez,94
Andrew Duncan,61
David Leonard,69
Daryl Burns,88
Joshua Buchanan,75
Eric Santana,93
Jeanne Miranda,98
Jessica Richardson,70
Sheila Gregory,76
Tammy Wilson,66
Kathleen Tran,88
Denise Wright,91
Laura Raymond,82
Laura Rowland,85
Erica Sandoval,95
Jeremy Taylor,95
Donna Matthews,71
Bonnie Weber,82
Ryan Miller,89
James Huffman,93
Hannah Miller,71
Crystal Andersen,65
Elizabeth Morgan,96
Brian Martinez,89
Antonio Simon,85
Cheryl Coleman DDS,67
Allison Davis,68
Kara Miller,80
David Patton,85
Brett Solis,67
Julie Hayden,85
Allison Diaz,100
Mary Cooper,85
Kevin Dixon,69
Robert Turner,85
Ms. Linda Guerrero,99
Sandra Henderson,88
Monica Lee,60
Vernon Rios,91
Amanda Bennett,79
Brittany Schaefer,82
Meghan Lowe,97
William Black,61
William Henderson,82
Kelly Ferguson,92
Kevin Shelton,98
Douglas Schultz,72
Jason Freeman,94
Theresa Webb,100
Jennifer Koch,75
Penny Mccormick,83
Joseph Ortiz,93
Roger Hall,62
Gregory Lee,100
Steven Johnson,77
Sandra Mckenzie,72
Glenn Jensen,76
Katherine Gilmore,98
Kimberly Brady,75
Nicole Burke,62
Felicia Hanson,61
April Howard,66
Eric Klein,98
Julie Smith,92
Rhonda Walker,60
Sharon Lloyd,91
Margaret Lopez,83
Leslie Wilson,95
Anthony Ray,94
John Williams,97
Terry Roberts,99
Michael Cooper PhD,66
Hannah Ponce,76
Cheryl Diaz,71
Wendy Villarreal,84
Robert Castro,96
Jennifer Riley,63
Amber Harrison,60
Robert Miller,93
Matthew Benitez,79
Matthew Thompson,66
Keith Guerrero,83
Austin Collins,95
Randy Reyes,68
Amanda Johnson,100
Bill Byrd MD,83
David Prince,84
Elizabeth Barnett,72
Crystal Williams,80
Sarah Sosa,79
Michele Adams,64
Joseph Willis,63
Elizabeth Campbell,69
Meghan Ramos,73
Jennifer Hess,95
Robert Ferguson,80
Brandy Lee,98
Jonathan Williams,72
Joseph Ward,85
Anita Griffin,75
Denise Miller,66
Mr. Eric Hernandez,64
Jordan Rodriguez,63
Sarah Dawson,80
Megan Perez,100
Blake Martinez,63
Jeremy Chen,65
Tanya Lee,62
Amanda Clark,82
Wendy Harris,60
Christopher Haynes,86
Maria Espinoza,75
Elizabeth Rivers,69
Christian Strong,76
Michael Garcia,86
Julia Jones,89
Donald Morales,77
Andrea Lopez,63
Cory Moore,60
Mrs. Jasmine Freeman,65
Kelly Torres,99
Margaret Smith,93
Roberta Carrillo,97
Victor Patel,96
Maria Mathews,88
Jeffrey Martinez,79
Brandon Schaefer,73
Justin Rojas,75
Betty Anderson,87
Mitchell Day,86
Shelby Kelley,77
Casey Medina DDS,81
Ashley Kim,83
John Murphy,91
Monica Shaw,72
Omar Calhoun,96
Joshua Wilkinson,74
Nicholas Liu,87
Deborah Miller,92
Ashley Martin,84
Sharon Macdonald,74
Michael Hernandez,99
Debra Smith DVM,86
Kaitlyn Leach,97
Kenneth Swanson,90
Stephanie Wagner,76
Christopher Bishop,76
Joshua Peterson,83
Evan Gardner,97
Denise Williams,88
Cheryl Cox,83
Ryan Gill,75
Angela Blackburn,64
Curtis Madden,70
Anthony Meza,93
Michelle Price,71
Christine Brown,93
Katie Powers,93
Steven Mendoza,91
Madeline Gibbs,77
Denise Knight DDS,72
Maria Horton,72
William Farley,86
Jon Matthews,85
Alexandra Freeman,85
Emily Carney,80
Michael Martin,77
Charles Henry,90
Debra Jones,88
Nicholas Lee,84
Christopher Holt,73
Earl Caldwell,60
Kelly Dawson,97
Annette Williams,66
Vicki Foley,96
Timothy Smith,61
Richard Weaver,82
John Cook,63
Kathryn Moran,83
Tiffany Jennings,82
Nicole Martinez,98
Ebony Hernandez,89
Rachel Boyd,63
Kimberly King,78
Sarah Hawkins,70
Omar Callahan,76
Tony Reynolds,76
Jack Duarte,66
Suzanne King,90
Olivia Pope,62
Jamie Pratt,72
Stephanie Griffin,63
Robert Newman,64
Christine Brennan,100
Elizabeth Williams,84
Emily Forbes MD,68
Maurice Leonard,93
Sabrina Johnson,75
Laura Quinn,69
Samuel Maxwell,82
Jeffrey Maldonado,100
Alan Jones,68
Megan Liu,89
Chris Nunez,99
Samantha Escobar,71
Shannon Park,87
Joseph Blair,83
Carolyn Hicks,93
Robert Gray,98
Rachel Bauer,79
Zachary Wallace MD,76
Melissa Hunter,86
Edward Holden,84
Kathleen Cooper,66
Wesley Burke,99
Joseph Johnson,100
Erika Blair,89
Eric Duke,76
Nicole Bradley,91
Donald Edwards,63
Michael Marquez,92
David Harrison,90
Sandra Benjamin,79
April Garcia,94
Destiny Welch,72
Nicole Garcia,74
Ian Riggs,76
David Anderson,70
Christopher Mcdaniel,61
Joseph Sanchez,87
Ann Sharp,71
Mary Oliver,61
Meredith Fowler,63
Daniel Moore,84
Diana Potter,86
Karen Nguyen,62
Leslie Vargas,65
Robert Russell,62
Robert Gomez,83
Martin Jackson,87
Chelsea Garza,71
Steven Valdez,74
Michael Jackson,66
Amanda Garner,76
Daniel Townsend,61
Erin Villanueva,66
Joseph Jennings,67
Christopher Rivera,61
William Austin,60
Trevor Daniels,62
Lisa Williams,78
Christopher Martinez DVM,82
Christopher Mitchell,65
Nancy Nelson,93
Barbara Madden,70
Allison Rivera,86
Amy Pineda,91
Gabriela Chung,77
David Cruz,60
Kathryn Velez,80
Abigail Lopez,100
Ashley Castro,81
Christopher Vaughn,61
Kevin Williams,97
Christopher Dorsey,62
Molly Benjamin,63
Sara Hobbs,90
Linda Murray,69
Emily Adkins,100
John Wright,66
Brenda Edwards,82
Danielle Robinson,93
Spencer Harvey,73
Shane Martinez,68
Patricia Barron,67
Cheryl White,72
Robert Bush,87
Tina Smith,62
Karen Phillips,82
Susan Osborne,61
Rachel Jackson,84
Evan White,62
Cody Fletcher,98
Kelli Baker,98
Michael Chen,96
Shaun Garner,61
Kelli Murray,92
Wayne Carter,86
Monica Shaw,89
Stephen Davis,97
Matthew Fields,97
Regina Thomas,89
Victoria Hampton,60
Heather Wilson,63
Lisa Carlson,94
Rachel Ritter,82
Dawn Li,64
Colin Lewis,84
Alexander Savage,79
Dr. Mason Miranda DDS,61
Laura Hess,78
Sally Jones,69
Courtney May,63
Norman Wilson,93
Don Davidson,64
David Davenport,97
Paige Holland,73
Shane Scott,75
Ray Sanford,65
Joseph Lopez,82
Jessica Koch,74
James Calderon,72
Kenneth Rangel,73
Elizabeth Dixon,88
Cheyenne Brown,73
Amanda Bullock,73
Michael Rivera,60
Jerry Bowman,99
Lisa Gillespie,91
Hannah Medina,92
Elizabeth Alvarez,99
Angela Kennedy,89
Nicholas Patel,92
Heather Lopez,63
Olivia Williams,70
Caitlin Ward,87
Ashley Cook,96
Angela Rose,89
Nicholas Taylor,68
Allison Hughes,78
Joshua Kerr,70
Danielle Roberson,86
Diane Mullins,81
Andres Gibbs,82
Jennifer Wright,92
Tammy Hernandez,65
Sarah Stark,67
Amanda Bennett,65
Joshua Dixon,71
John Rose,86
Cassandra Perry,73
Trevor Colon,68
Kristina Smith,98
Anthony Williams,96
Timothy Norton,95
John Foster,70
Angela Johnson,86
Michelle Ortiz,74
Olivia Jackson,74
Lisa Harris,74
Kenneth Olsen,85
Luis Booth,84
Jason Parker,99
Cynthia Williams,84
Marcus Ward,79
Catherine Waters,78
Jacob Parker,62
Jamie Crawford,94
Kathryn Santos,64
Andrew Proctor,60
Dennis Lee,90
Greg Myers,97
Bryan Murphy,61
Sabrina Russell,99
Randy Chase,70
Brandon Duran,96
Melissa Bartlett,82
William Sims,90
Rebecca Beard,96
Julie Gonzalez,73
Miranda Perez,83
Andrew Williams,76
Brian Cole,70
Jennifer Andersen,99
Amy Dudley,67
Anna Jones,86
Teresa Alexander,60
Jill Thompson,93
Dean Martinez,61
James Montes,65
Mary Ford,76
Patrick Patterson,89
Sara Rodriguez,84
Dominique Gomez,81
Brenda Moore,80
Lauren Villarreal,71
Rachel Phillips,63
Erin Johnson,90
Antonio Edwards,78
Rodney Daniels,76
Ronald Padilla,69
Kellie Love,86
Michele Martinez,84
Kim Johnson,84
Isaac Fernandez,80
Jennifer Bennett,87
Richard Miller,76
Jessica Lopez,83
Felicia Gibson,63
Laura Walker,91
Alexis Bryant,62
Rachel Cox,92
Heather Henderson,90
Kenneth Shelton,95
Evelyn Serrano,70
Victoria Shea,82
Jennifer Coleman,99
David Bryant,83
Michael Collins,78
Dawn Stone,80
Mackenzie Lawrence,100
Lindsey Hunter,61
Patty Collins,62
Ralph Johnson,96
Lindsey Fuller,72
Garrett Jones,66
Christopher Zimmerman,61
Mark Watkins,91
Mariah Erickson,67
Jessica Lawrence,66
Victoria Ramos,71
Brenda Garcia,62
Jared Patrick,67
Crystal Scott,83
Victoria Boyd,98
Rodney Kelley,90
Nathan Mcmahon,98
Phillip White,99
Dawn Simon,84
Anthony Jones,69
Daniel Walton,73
Glen Evans,94
Erica Campbell,69
Monica Flowers,83
Richard Shelton,96
Chad Salinas,69
Melissa Thompson,81
Cole Dawson,94
Jeffrey Hopkins DDS,74
Joanna Phillips,76
Lisa Martinez,77
Lindsey Terry,96
Lisa Taylor,70
Vanessa Pennington,65
Christopher Meyer,71
Wesley Parker,94
Rachel Pennington,94
Nicole Sullivan,80
Kim Sanders,61
Stephanie Mercer,95
Alyssa Walker,71
Ralph Richard,63
Ryan Evans,75
Kari Boyle,77
Carrie Carter,62
Julie Johnson,62
Latoya Swanson,80
Brian Thornton,97
Scott Anderson,95
Juan Watts,65
Frederick Peters,84
Samuel Rowland,84
Megan Hart,89
Joshua Roberts,74
Erin Smith,84
Jeremy Parker,73
Jacob Smith,88
Dawn Wilson,60
Ralph Simmons,61
Steven Johnson,84
Danielle Hunt,73
Kyle Oconnor,100
Robert Ellis,72
Steven Gomez,95
James Hodges,70
Eddie Johnson,91
Gregory Torres,88
Lance Ryan,63
Katelyn Bryant,76
Sandra Vargas,99
Peter Jensen,94
Christopher Hernandez,99
Michelle Ponce,96
Audrey Weber,98
Wesley White,65
Amy Thompson,98
Patricia Santos,96
Elizabeth Butler,78
Christopher Hart,63
Thomas Flynn,81
Yvonne Orozco,86
Mrs. Tracy Johnson,77
Cynthia Gray,80
Paula Massey,73
Mercedes Hunter,66
Mark Matthews,69
Katrina Wright,85
Martin Ramos,88
Adrian Wiggins,77
Angela Thomas,74
Jack Rangel,98
Sarah Burton,63
Jason Johnson,80
Charles Gomez,85
Nicole Chambers,92
Steven Hunter,99
Nicholas Goodwin,90
Tammy Lewis,68
Kelly Murphy,74
Dr. Sarah Miller,65
Janice Olsen,68
Javier Kaufman,64
Troy Olson,99
Mr. Peter Lee,91
Brandon Wells,62
Angel Bruce,93
Mark Gonzalez,65
Laurie Brown,75
James Payne,89
Ashley Mosley,73
Melanie Graves,84
Kylie Huffman,78
Erica Gibbs,80
Gina Moon,65
Brian Diaz,68
Kenneth Davis,98
Sydney Clark,92
Ashley Reynolds,83
Craig Gonzalez,60
Chase Sanchez,64
Gordon Brown,77
Tracy Smith,68
Jill York,74
Teresa Kelly,72
Susan Ryan,84
Mandy Taylor,77
Deborah Terry,84
Bruce Rocha,62
William Delgado,98
Mrs. Melissa Combs,77
Jessica Garcia,93
Howard Richards,70
Susan Martin,81
Elizabeth Gonzalez,90
Cynthia Goodwin,94
Whitney Martinez,76
Amanda Spears,91
Regina Rodriguez,93
Gary Johnson,95
Chloe Ramirez,61
Jason Mckenzie,72
Joshua Moreno,60
Charlotte Rivera,89
Michael Moran,75
Amy Nunez,90
Samuel Smith,90
Kevin Gonzalez,90
David Lopez,91
Mary White,80
Ashley Price,79
Lori Mckinney,68
Amy Vargas,97
Seth Hubbard,100
Riley Flowers,95
Adam Jones,78
Charlotte Hall,61
Carolyn Wilson,72
Steve Noble,65
Mark Sanchez,69
Lisa Porter,79
James Nelson,82
Robert Ross,71
Ronald Jennings,87
David Evans,64
Brianna Bradford,68
Megan Velasquez,100
Katelyn Hurst,96
Deborah Ayala,69
Teresa Kelley,83
Molly Garcia,80
Jonathon Lewis,76
Mercedes Weaver,62
Erin Ramsey,86
Kevin Owens,73
Marc Murphy,93
Katherine Brown,80
Rebecca Rose,97
Brenda Miller,97
Scott Molina,83
Margaret Roberts,88
William Wilson,63
Erik Meyer,79
Todd Aguirre,71
Robert Mendez,91
Kevin Oliver,98
Mrs. Michelle Henry,61
Kevin Jones,66
Jeffrey Smith,81
Elaine Paul,96
Kenneth Davis,79
Trevor Cummings,61
Paige Lynch,78
Elizabeth Ramos,78
Adam Alvarado,87
Jessica Sanchez,69
Lauren Gordon,81
Jesse Mcgee,94
Peter Reynolds,60
Jonathan Parks,66
Shannon Keith,68
Kimberly Dunn,83
Allen White,82
Jason Hernandez,77
Robin Anderson,70
Erik Franco,96
William Buck,91
Kenneth Moreno,76
Joseph Bowman,66
Andrew Rodgers,75
Eileen Sampson,76
Jennifer Moore,76
Ryan Quinn,79
Elizabeth Franco,95
Jennifer Miller,79
Cynthia Harmon,64
Alexander Roach,87
Peter Parrish,88
Jeremy Moreno,92
Sarah Price,60
Nicholas Jackson,83
Melissa Francis,99
Emma Snyder,88
Gregory Parrish,69
Kristen Garrison,74
Rachel Suarez,89
Jamie Strickland,68
Timothy Martinez,64
Cody Richardson,92
Alison Nelson,71
Lisa Smith,63
Marc Glover,61
Luis Mercado,76
Barry Weiss,90
Robert Vazquez,90
Zachary Bonilla,72
Chelsea Daniel,79
Amanda Hall,94
Luis Fields,64
Mr. Robert Gardner,84
Thomas Munoz,98
Christopher Wood,97
Kathleen Fields,80
Christopher Peck,71
Carlos Schmidt,66
Kevin Gould,83
Leah Lewis,72
Nicole Marquez,64
Samuel Gomez,85
John Freeman,100
Mark Cabrera,62
Mary Mercado,61
Patricia West,84
William Lewis,91
Jennifer Lee,66
Angel Hernandez,72
Alan Johnson,85
Carrie Krueger,92
James Glenn MD,62
Desiree Robinson,67
Jennifer Dawson,85
Marie Wells,75
Melissa Swanson,76
Savannah Collins,86
Amy Barrett,89
Danielle Flores,85
Diamond Simpson,69
Wesley Reyes,99
Felicia Washington,86
Latoya Davis,88
Robert Cruz,63
Timothy Snyder,91
Gabriela Davis,88
Susan Davis,76
Thomas Orr,69
Paul Carroll,62
Thomas Weber,98
John Sanchez,65
Ryan Hart,85
Lucas Jennings,92
Jessica Moreno,80
Nicole Sanchez,100
Kelli Page,100
David King,97
Sean Rivera,61
William Knapp,77
Caitlin Oliver,95
Carla Johnson,68
Rachel Munoz,70
Christopher Brown,92
Stephanie Lewis,61
Jason Perkins,66
Stephanie Munoz,89
Barbara Trevino,78
Michael Robinson,84
Melissa Stephens,65
Melanie Perez,83
Sarah Johnson,99
Joseph Tucker,82
Veronica Rhodes,69
Walter Nunez,79
Thomas Chavez Jr.,71
Rodney Black,92
Stephanie Sharp,65
Dylan Browning,87
Daniel Frazier,89
Jillian Christensen,70
Tony Murphy,75
Tiffany Hernandez,63
Lawrence Winters,100
John Willis,81
Charles Parker,65
Kimberly Kim,68
Donna Cooper,80
Jacob Hernandez,85
Scott Wells,93
Robert Bell,79
James Martinez,83
Jesse Miller,90
Ashlee Morales,72
Jesse Robinson,90
Melissa Fisher,89
Alex King,61
Dr. Diana Stewart,64
Tristan Duffy,98
Autumn Kent,78
John Franco,84
Sarah Hays,77
Anna Smith,60
Lee Schmidt,67
Lorraine Bailey,98
Stacy Castillo,61
James Mclaughlin,77
Cynthia Porter,72
Mary Lee,72
Christopher Nunez,75
Dr. Vincent Baker,62
George Berg,61
Amanda Ruiz,96
Brenda Kramer,81
Melanie Spencer,66
Jeremy Patel,95
Cynthia Livingston,98
Seth Morris,65
Catherine Marks,61
Martin White,92
Sandra Whitaker,93
Erica Gibson,93
Ronald Christian,66
Jodi Fischer,82
Michelle Martinez,65
Frank Garrett,70
Brandon Mason,76
Dylan Guzman,97
Gary Fisher,99
Sylvia Douglas,68
Tyler Underwood,94
Michelle Burns,92
Robert Clements,86
Cheryl Robertson,68
Logan Russo,87
Ryan Reyes,94
Brittany Jones,83
Vicki Holmes,75
Heather Salazar,73
Joshua Jenkins,69
Courtney Fletcher,99
Mark Williams,69
Robert Morgan,71
James Sanders,84
Kevin Johnson,94
Courtney Moses,61
Brian Rogers,89
Madison Leblanc,79
Lauren Singh,80
Robert Anderson,98
Christopher Burke,74
Sarah Johnson,60
Kelsey Holloway,71
Shelly Copeland,75
Frank Carlson,67
Erik Soto,68
Miss Deborah Scott,73
Bradley Patrick,78
Wyatt Herring,66
Gerald Collins,74
Michael Martinez,76
Tony Thompson,97
Anthony Fields,64
Jamie Wright,95
Robert Olson,64
Bryan Johnson,75
Robert Davidson,90
Jennifer Garcia,99
Tyler Chambers,75
Michael Pierce,92
Logan Young,63
Cassandra Smith,93
Lauren Simon,87
Gerald Williams,65
Sandra Soto,99
Sarah Cook,90
Mary Reyes,79
Alan Calhoun,67
David White,64
Steven Johnson,70
Jennifer Wilcox,63
Jeffrey Johnson,83
Kelly Carr,65
Heather Fowler,76
Kimberly Meza,70
Victor Cox,81
Billy Douglas,79
Dean Morris,73
Alexander Hale,85
Jennifer Swanson,95
Kathleen Marsh,82
Jennifer Wilson,68
Anne Hill,94
Michael Porter,88
Desiree Smith,76
Zachary Brown,88
Tina Fleming,98
Ashley Reynolds,70
Dawn Johnson DVM,82
Barry Wallace,83
Robert Schwartz,65
Jeffrey Salas,90
Terry Hogan,77
Michael Brown,61
William Washington,71
Sandra Diaz,61
Tammy Powers,79
Carla Roman,89
Jack Hendricks,79
Christopher Stewart,80
Stephanie Griffin,76
Joseph Burke,80
James Pena,76
Adrian Burgess,65
Michael Perry,80
Ashley Leonard,61
Nathan Garrett,79
Heather Martin,90
Kenneth Roberson,69
Terry Cobb,74
Jeremiah Vasquez,90
Jeffrey Campbell,84
John Graves,67
Danielle Bowman,74
Christina Jones DDS,73
Tanner Larsen,72
Kim Ray,91
Hayley Richards,94
Jennifer Porter,84
Kevin Johnson,98
Krista Elliott,74
Joshua Gillespie MD,68
Michael Glover,66
Dominique Kemp,80
Dana Robinson,74
Marcus Warren,94
Justin Frazier,74
Claire Foster,78
Mikayla Mccann,94
Mark Martinez,69
Johnny Ball,73
Michael Arnold,61
Anna Banks,70
Vanessa Krause,91
James Berry,63
Jamie Daniel,66
Suzanne Goodman,93
Jennifer Andrade,77
Elizabeth Rogers,80
Heather Mejia,83
Daniel Harris,83
Amy Murphy,93
Stephen Mueller,71
Eric Elliott,85
Gavin Cobb,62
Sandra Ingram,94
Natalie Flores,77
Valerie Marquez,94
Pamela Taylor,77
Natalie Castro,95
Ms. Emily Ryan,88
Emma Pham,98
Savannah Walker,72
Jessica Anderson,66
Courtney Thomas,84
Denise Harmon,85
Michael Campbell,88
Richard Mason,65
Melissa Bryant,71
David Smith,87
Sonya Williams,96
Julie Flores,61
Cassandra Todd,75
Steve Sanchez,83
Curtis Johnson,69
Michelle Ryan,73
Elizabeth Mccullough,64
Monica Gonzales,93
Vincent Chen,76
Daniel Thomas,85
Christopher Hardin,72
Casey Sanchez,81
Erik Price,84
Jeremy Keller,83
Dr. Brenda Mcmillan,77
Jessica Diaz,63
Gail Olsen DDS,60
Stacey Brown,64
Erin Williams,96
Matthew Conley,73
Heather Scott,70
Julia Moreno MD,80
Richard Hill,93
April Reese,65
Glenn Williamson,73
Jacob West,91
Meagan Fuller,81
Joel Fowler,80
Erika Ramirez,81
David Leon,70
Mark Harris,69
Michael Butler,61
David Glover,79
Tammy Boyd,82
Justin Mendoza,98
Harry Caldwell,93
Sandra Galvan,90
Kaitlyn Bennett,72
Mark Hendricks,72
Brenda Harmon,62
Hannah Lloyd,91
Kimberly Hicks,64
Kelsey Johnson,100
Raymond Perez,100
Angela Galloway,86
Edward Sandoval MD,67
Isaiah Johnson,82
Robert Bennett,73
Cathy White,77
Jamie Owens,89
Jeremy Daniels,75
Cindy Harris,94
Elijah Allen,70
Jennifer Miller,88
Anthony Riley,73
Maria Newton,86
Monica Young,66
Mitchell Snow,65
Adam Hernandez,62
Lisa Johnson,88
Christina Roy,86
David Lowe,67
April West,72
Tanner Strickland,72
Kimberly Martinez,72
Hannah Wright,100
David Hall,60
Christina Wade,64
Pamela Patterson,88
Teresa Gould,91
Mrs. Lauren Nelson MD,78
Anna Guzman,74
Margaret Herman,86
Sarah Rios,86
Steven Mckay,62
Michaela Kennedy,70
Sarah Williamson,98
Haley Moore,93
David Jackson,73
Sean Miller,78
Sean Herrera,97
John Thompson,83
Stephanie Murphy,76
Billy Lynn,82
Malik Jackson,64
Riley Williams,79
Tony Snyder,99
Jenna Taylor,68
Joseph Sanders,83
Rachel Griffin,92
Joshua Harvey,65
Matthew Meadows,99
Scott Smith,70
Destiny Mcgrath,64
Julie Rogers,99
Jerome Fowler,97
Nicholas Smith,82
Judy Phelps,88
David Mason,96
Justin Foster,70
Chad Rangel,75
Curtis Ward,84
Lindsay Phillips,61
Samuel Ramirez,76
Rebecca Pitts,61
Kimberly Santana,74
Aaron Welch,90
Nicholas Scott,93
Carly Wilson,84
Jonathan Shah,80
Lauren Moreno,95
Regina Owen,64
Jill Jordan,90
Glen Nichols,93
Heather Miller,94
Juan Roberts,69
Steven Anderson,74
Dominic Farley MD,76
Blake James,93
Matthew Lee,100
Jonathan Lee,88
Adam Jimenez,87
Shaun Mcintosh,87
Lauren Barr,92
Anne Stephenson,73
Robert Stephenson,64
Randy Alvarez,97
Eric Williams,61
Robin Dunn,99
Barbara Smith,71
Rachel Hancock,67
Brittany Gordon,70
Veronica Sanders,88
Holly Preston,79
Dr. Paige Rangel DDS,85
Stephen Ramos,64
Joshua Clark,65
Brian Nelson,74
Johnny Bell,60
Jennifer Peters,82
Bryan Gilmore,73
Melissa Moore,93
Brittney Davis,95
Bradley Thompson,83
Jesse Nguyen,90
Lisa Vasquez,73
Lisa Hunter,66
Mark Hoover,86
Matthew Weeks,93
Adam Matthews,70
Taylor Parker,88
Antonio Snyder,77
Dana Bailey,88
Christopher Hansen,87
Jennifer Bennett,84
Katherine Woods,90
Mrs. Angelica Martin MD,66
Michael Anderson,76
Ryan Russell,70
Benjamin Grant,63
Jerry Espinoza,98
Valerie Romero,66
Darryl Velez,60
William Mason,84
Linda Farrell,72
Wanda Wilson,78
Mark Elliott,66
Kendra Perez,88
Nicole Diaz,66
Kathleen Sanchez,91
Deborah Harrison,71
Andrea Delacruz,99
Dennis Moreno,68
Stacey Carson,69
Maria Murphy,87
George Reed,100
Mrs. Donna Smith MD,79
Tammy Martinez,89
Jesse Garcia,72
Maria Wilson,61
Jeffrey Watts,63
Sherry Maddox,87
Elizabeth Davis,79
Susan Robinson,99
Alexandra Williamson,88
Suzanne Smith,88
Anthony Hernandez,61
Jason Garcia,67
Lisa Estrada,75
Timothy Madden,90
Lori Taylor,83
Cindy Warren,95
Matthew Baker,83
Sara Black,78
Sean Williams,92
Kelly Salas,63
Christian Brewer,67
Timothy Meadows,95
Samuel Ward,63
Anita Robinson,72
Emily Jordan,60
Mr. Philip Espinoza,66
Diana Knight,86
Emily Carroll,61
Jose Ingram,67
Angie Meza,94
Susan Alvarado,79
Edward Hanson DDS,66
Joseph Frank,60
Kyle Castillo,81
Chloe Henderson,89
Gregory Walker,83
Lisa Park,65
Julie Parks,89
Sharon Sanders,77
Veronica Anderson,93
Wendy Wilkinson,69
Jennifer Gonzales,87
Mrs. Susan Keith MD,67
Megan Gibson,89
Abigail Fernandez,70
Regina Roberts,98
April Malone,74
John Sanchez,76
Ashlee Davis,89
David Davis,62
Cathy Lambert,88
Joshua Hughes,89
Timothy Burke,71
Vanessa Johnson,64
Michelle Hull,94
Joshua Cantrell,72
Amanda Mccormick,63
Joshua Miller,60
Thomas Collins,82
Dana Harrison,64
Michelle Price,62
Nancy Nicholson,62
Nancy Guzman,90
Mike Moore,92
Anita Myers,68
Savannah Davis,71
Alexander Robinson,73
Ross Jones,77
Todd Bridges,78
Mercedes King,60
Christopher Barnes,68
Amy French,88
Amber Jackson,82
James Payne,66
Philip Vincent,68
Shane Gutierrez,61
Andrew Rose,88
Christopher Kim,96
Lauren Bennett,98
Julia Solis,93
Kristen Morgan,73
Scott Turner,64
Ryan Davis,77
Todd Hayes,81
Dr. Charles Gregory MD,74
Patricia Johnson,95
Hayden Welch,80
April Ramirez,79
Jill Anderson,81
Russell Brooks,62
Stefanie Perez,91
Karen Keith,79
Sarah Hensley,92
Erica Smith,87
Bridget Martin MD,83
Robert Carter,69
Aaron Bruce,75
Joshua Gibson,79
Jill Hubbard,77
Jennifer Pittman,87
Leslie Hawkins,76
Diana Jones,80
Mary Garcia,84
Julie Mann,73
Nancy Patel,96
William Wallace,80
William Brady,63
Cheyenne Porter,93
Patrick Buck,90
Christopher Payne,95
John Vaughn,63
Lisa Chavez,76
Alyssa Johnson,68
Robert Bowen,73
Margaret Cortez,100
Anna Summers,75
Heidi Williams,97
Deborah Richards,80
Jennifer Johnson,84
Margaret Silva,60
Jaime Mora,65
John Johnson,71
Lisa Mills,82
Amanda Bennett,88
Stacy Henry,100
Brian Cunningham,98
Jeffrey Gardner,65
Nathan Owen,77
Caitlin Brooks,92
Natalie Sims,76
Destiny Moore,88
Renee Davis,95
Taylor Zavala,64
Ashley Howell,78
David Chen,76
Gene Leonard,67
Jennifer Sparks DDS,73
Corey Harrison,85
Alan Russell,73
Alice Fisher,68
Diana Graham,70
Joshua Black,65
Terry Henry,82
Craig Garcia,76
Brent Johnson,93
Alison Potter,94
Roy Madden,73
Jennifer Bailey,71
Ruben Fowler,72
Elizabeth Burton,64
Heather Key,65
Lori Elliott,70
Kerri Williams,67
David Monroe,79
Gordon Stark,90
Patrick Webb,77
Hailey Gilbert,93
Misty Myers,98
Judith Pearson,85
James Thomas,84
Ashley Kim,87
Michael Cooley,65
Richard Adams,100
Amanda Lopez,67
Michael Villarreal,71
Dawn Sawyer,72
Nancy Sanchez,60
Dr. Christian Bishop,73
Justin Jones,82
Matthew Mejia,69
James Ray,64
Keith Holmes,78
Jason Marshall,88
Jason Hughes,69
Andrew Barker,66
Amber Webb,67
Jessica Simmons,81
Kevin Luna,65
Joyce Smith,99
Brendan Watts,60
Misty Cervantes,92
John Owens,61
Brandon King,67
Kenneth Stark,60
Travis Montgomery,83
Jennifer Garcia PhD,85
Erin Patterson,94
Michelle Schroeder,91
Jessica Johnson,72
Mark Butler,69
Ruben Campbell,94
Pamela Ramirez,65
Kristen David,81
Margaret Pearson,90
Justin Miller,97
James Molina,100
Robert Jackson,75
Kelly Schmidt,89
Russell Stewart,62
Patty Brown,68
Tracy Wells,82
Ryan Jones Jr.,100
Leah Brown,74
Patricia Peters,78
Brian Woods,71
Travis White,78
Daniel Bell,68
Erica Johnson,84
Clarence Beltran,87
John Miller,75
Tyler Ho,83
Tiffany Walker,79
Stacey Bright,100
Nichole Jones,78
Sharon Love,93
Joshua Thompson,60
Willie Avery,98
Joel Ballard,92
Robert White,100
Sonya Davis,76
Alexandra Schultz,60
Charlotte Harris,70
Emily Rowe,78
Austin Deleon,61
Samantha Burns,77
Jack Flores,61
Eric Nolan,63
Justin Aguilar,100
Melissa Blair,64
Jose Brown,84
Stephanie Barber,88
Frederick Moore,95
Angela Melendez,61
David Stevens,94
Jacob Farmer,74
Juan James,87
Samantha Meyer,92
Curtis Allen,73
Felicia Lawson,92
John Benson,65
Teresa Nelson,78
Latasha Johnson,88
Lindsay Smith,86
Ashley Wood,89
Julie Hebert,73
Timothy Allison,92
Robert Holland,68
Adam Bean,64
Jamie Brooks,100
Gregory Schmidt,98
Russell Macdonald,84
John Mueller,100
Matthew Gross,86
Amanda Jones,64
Steven Ibarra,89
Juan Phillips,95
Morgan Wilson,82
Brittany Aguirre,100
James Estes,67
Jeremy Harris,87
Joanne Peterson,88
Steven Coleman MD,79
Bryan Austin,90
Michael Buchanan,77
Mark Ryan,86
Matthew Jones,89
Dr. Michael Wilson DVM,83
Sharon Rodriguez,90
Alexis Martinez,69
Jill Santiago,81
James King,95
Amanda Bentley,94
Keith Murphy,64
Jeffrey Santos,99
Roger Ortiz,65
David Sanchez,73
Juan Floyd,63
David Sheppard,72
Rebecca Jones,90
Jesus Lucero,70
Michael Jones,62
Stephanie Lindsey,94
Dylan Hawkins,62
Thomas Duncan,69
Shelly Frank,70
Randall Norris,88
Laurie Nelson,93
Rhonda Rivera,98
Christopher Oconnell,94
Faith Martinez,64
Sharon Collins,78
Tammy Rowland,73
William Bell,88
Michael Fisher,92
Matthew Clark,65
Allison Brown,70
Jessica Bauer,60
Sean Vance,74
Isaiah Thompson,75
Michael Lewis,72
Kevin Moore,78
Joseph Howard,78
Nicole Rose,82
Dawn Suarez,61
James Singh,77
Kayla Sanchez,89
Rebecca Bell,72
Lori Rice,91
Melanie Hernandez,87
Pamela Simpson,88
Seth Duran,80
Jennifer Barber,84
Levi Moore,71
Amber Garcia,91
Mary Walker,89
Taylor Thomas,70
Amy Pierce,72
Kara Farrell,73
Deanna Anderson,96
Andrew Smith,94
Timothy Stafford,73
Krista Williams,60
Lisa Vazquez,95
Gary Contreras,77
Beverly Henderson,95
Rebecca Malone,76
Michael Wright,92
Holly Taylor,69
Rebecca Carter,64
Charles Ryan Jr.,99
James Gonzales,63
Jamie Gonzales,68
Michael Foster,94
Kevin Stewart,83
Erik Pierce,95
Megan Williams,74
Yesenia Martin,88
Tracy King,72
Aaron Cisneros,63
Colleen Ramirez,93
Mr. Kyle Hill,94
Joanna Morgan,99
Amanda Nelson,81
Joseph Jackson,91
Kyle Maxwell,85
Renee Torres,89
Howard Fisher,79
Brian Serrano,83
Adrian Page,75
Holly Brooks,96
Sherry King,71
Scott Shea,92
Christina Kelly,100
Anthony Wilson,80
Sandra Zimmerman,61
Jennifer Avila,99
Matthew Nguyen,94
Daniel Neal,75
Brian Dominguez,63
Andrew Davidson,64
Jonathon Yoder,64
Katherine Cruz,95
Catherine Byrd,71
Tyler Howell,99
Katelyn Sanders,98
Alexis Cruz,67
Debra West,89
Dr. Brenda Johnston,96
Stephanie Nguyen,86
Joshua Bullock,98
Nicholas Hall,63
Michael Reynolds,74
Laura Armstrong,84
Nicole Tate,62
Martha Jackson,97
Jose Evans,74
Emma Hicks,74
Shannon Bond,88
Jason Johnson,92
Allison Warren,78
Donna Wagner,93
Crystal Lopez,90
Brittany Sanchez,91
Martin Marsh,70
Matthew Rogers,78
Gabriel Sanchez,68
Renee Smith,93
Stephen Sawyer,64
Richard Ortega,64
David Larson,85
Steven Mcdowell,85
Paula Smith,68
Samuel Scott,96
Elizabeth Fernandez,93
Amanda Walker,80
Michael Diaz,67
Thomas Ray,97
Michael Fox,82
Jennifer Cole,62
Nicole Zavala,73
Gerald Johnson,76
Mary Perez,86
Russell King,79
Leah Vincent,72
Christopher Morgan,77
Alexander Nelson,98
Dr. Shawn Rios,71
Allison Jefferson,74
Jesse Wagner,88
Stephen Powell,80
Sarah Clark,78
Christopher Allen,65
Paul Phillips,94
Phillip Santana,92
Sandra Price,65
Michelle Gilmore,96
Bobby Murphy,69
Kyle Gomez,91
Diana Carney,89
Adriana Marks,76
Jessica Martinez,67
Tammy Richardson,87
Jeffrey Bates,66
Angela Thomas,91
Mary Edwards,90
Maria Gill,87
William Taylor,66
William Garcia,86
Kathryn Hendricks,76
Adam Bell,60
Nicholas Gonzalez,70
Andrew Thompson,77
Sandra Ward,83
Andrea Wright,85
Barbara Simpson,89
Jessica Ramos,92
Kayla Miller,70
Stephen Mathews,84
Oscar Taylor,75
Christina Brown,74
Kathy Harris,83
Tyler Castillo,64
Karina Smith,79
Kristen Davis,75
Zachary Oneal,78
Peter Sullivan,99
Russell Brown,70
Henry Sosa,85
Amanda Allison,99
Christopher Hughes,92
Patrick Blake,91
Alexander Maddox,71
Kelly Donaldson,63
Chelsea Garrett,92
Melanie Bryan,96
Tammy Peterson,77
Bruce Long,83
Desiree Price,93
Ryan Evans,91
Scott Gonzalez,69
Brenda Cole,85
Beth Jackson PhD,97
Justin Chambers,89
Patricia Wilson,73
Martin Johnson,64
Tracy Gordon,88
Kimberly Black,63
Kimberly Gonzalez,62
Christina Price,65
Daniel Nixon,64
Luke Thomas,88
Brian Young,67
Harold Klein,83
Amber Spencer,84
Matthew Kennedy,77
Cheryl Mueller,81
Mark Young,64
Darren Kelly,61
Kayla Jackson,63
Tommy Murray,64
Mrs. Elizabeth Carter,61
Nicholas Baker,82
Michael Davis,76
Anthony Harris,91
Jack Adams,93
Adriana Myers,94
Jennifer Glover,98
Angela Richards,73
Paul Figueroa,95
Elizabeth Winters,62
John Montoya,91
Laurie Summers,88
Brian Sandoval,81
Greg Mitchell,61
Valerie Smith,99
Eric Cohen,61
David Graham,68
Patrick Hopkins,71
Cassidy Valdez,89
Marcus Olson,62
Michael Carpenter,82
Christopher Bass,98
Gregory Deleon,64
Luis Fleming,62
Jacqueline Brown,72
Melinda Smith,81
Kristen Novak,81
Kyle Prince,84
Robert Gilbert,78
Ricardo Robinson,98
Penny Lewis,77
Denise Bryant,100
Christopher Robinson,83
John Jennings,60
Roy Velasquez,62
Zachary Kennedy,95
Megan Bennett,77
Danielle Evans,85
Laurie Frazier,90
Brian Gould,68
Tamara Finley,65
Jason Ward,63
Edward Barker,77
Jennifer Jackson,84
Joseph Vargas,83
Shawn Hall,88
Nicole Gates,69
Austin Smith,65
Dennis Brown,98
Andrea Schmidt,86
Jennifer Lopez,76
Brian Torres,82
Carlos Osborn,100
Ryan Aguilar,63
Eric Monroe,66
Melissa Hill,67
Kendra Jackson,78
Veronica Baxter,68
Jessica Smith,75
Heather Brandt,79
Ryan Pennington,90
Melissa Brown,62
Jacqueline Smith,94
Stacy Gilbert,78
Judy Henry,100
Tonya Baker,72
Gabrielle Blackwell,62
Robert Bowman,70
Lori Smith,83
Kimberly Walters,96
Todd Allen,86
Regina Kramer,62
Julie Hopkins,99
Sydney Kelly,78
Steven Myers,89
Eric Wright,84
Joel Neal,68
Natasha Henry,82
Ashley Gomez,88
Gabriel Tucker,79
David Schmidt,72
Jeffrey Curry,92
Mrs. Tina Sanchez,100
Nicholas Chen,79
Marie Williams,100
John Williams,67
Joann Salazar,62
Emma Flynn,63
Erica Shepherd,94
Linda Morgan,90
Jill Brock,64
Jamie Blackburn,60
Scott Cole,67
Colleen Anderson,61
Olivia Stevenson,93
Melissa Young,63
Kyle Edwards,72
Aimee Burnett,64
Ian Murphy,87
Christian Cook,87
Kelly Mccoy,63
Lori Wolf,100
Jesus Owens,100
Patrick Cooper,64
Jessica Conley,86
Carrie Alexander,62
Robert Robertson,75
Mrs. Amber Adams DDS,93
Mark Chambers,94
Allison Roach,79
Juan Townsend,98
Lindsay Watkins,90
Scott Lee,90
Judith Mullins,70
Jasmine Avila,69
Jessica Kaufman,84
Crystal Webb,78
Briana Watson,97
Ryan Juarez,99
Marissa Lee,64
Elizabeth Perry,76
Lauren Ayala,85
Stephanie Ramirez,70
Aaron Morgan,68
Joshua Guzman,92
Barry White,77
Donald Nelson,81
Angela Henderson,80
Kim Lee,90
Mrs. Jennifer Zuniga DDS,71
Jacqueline Thomas,100
Charlene Barker,78
Briana Allen,98
Eric Hancock,63
John Diaz,66
Christopher Perry,74
Daniel Williams,95
Scott Washington,78
Deborah Martinez,95
Tara Butler,74
Shelly Nguyen,61
James Mathews,98
Michelle Olson,60
Jimmy Haynes,83
Kenneth Hayes,71
Samantha Knapp,73
Rhonda Robinson,70
Andrew Henderson,80
Julie Hill,73
Elizabeth Lane,71
Michael Gomez,73
Eugene Abbott,92
Angela Brown,86
Charles Avila,60
Melissa Gutierrez,94
Stephanie Miles,79
Dr. Nathan Parsons PhD,66
Joshua Gates,71
Jeffery Mora,94
Diane Alvarado,95
Alexis Price,93
Paul Mccullough,71
Barbara Lewis,70
Mindy Rodriguez,93
Tiffany Ross,69
Eric Phillips,81
Cynthia Rodgers,79
Pamela Rosales,67
Todd Holloway,79
David Smith,80
Ashley Johnson,97
Brandon Kline,94
Linda Sampson,72
Crystal Soto,86
Donna Williams,74
Adrian Rodriguez,92
Melissa Howard,90
Mark Lynch,65
Amber Glenn,83
Carmen Mathis,100
Shannon Mack,94
Justin Williams,64
Devin Martinez,84
Derek Mcdowell,91
Vincent Frost,61
Michael Williams,100
Shirley Conner,89
Andrew Bush,61
Melissa Richards,96
Meredith Ramsey,92
Rebecca Villa,82
Sarah Pineda,95
Jonathan Davis,86
Ms. Michelle Williams,85
Matthew Johnston,97
Joshua Thompson,70
Francis Brown,91
Kelly Tran,87
Christian Turner,63
Gloria Shields,92
Barry Johnson,70
Douglas Hoffman,95
Paul Walker,88
Dr. Zachary Clark,84
Christopher Robertson,68
Anthony Hensley,100
Phillip Hernandez,60
Barbara Stewart,85
Beth Nguyen,94
Cathy Nicholson,83
Matthew Blankenship,93
Kaitlin Richmond,69
Matthew Edwards,100
Brian Miller,87
Shawn Donaldson,81
Kathleen Levine,65
Richard Jackson,67
Kenneth White,88
Brian Perry,95
Melissa Wallace,73
Janice Wilson,84
Todd Schmitt,63
Lori Martin,61
Christy Brooks,60
Elizabeth Pratt,97
Patrick Waters,92
Ryan Ayers,73
Victoria Davis,92
Tyler Crawford,64
Amanda Collins,69
Malik Sawyer,84
Steve Howell,73
Kaitlin Walsh,89
Sarah Browning,91
Bryan Martin,84
Brittany Logan,93
Dawn Jones,70
Nicole Jones,70
Emily Hunter,66
Justin Hernandez,77
Nathaniel Salazar,84
Sarah Brown,83
Dr. Cheyenne Peterson,70
Kevin Clark,75
Stephen Yu,78
Emma Nelson,73
Matthew Stevens,71
Steven Rogers,86
David Massey,69
Oscar Brooks,78
Shannon Norris,87
Isaac Torres,82
Joshua Clay,90
Christina Boyle,63
Tony Mcintyre,98
Brenda Jimenez,78
Dr. Susan Williams,77
Justin Russell,89
Emily Conner,88
Lisa Graham,97
Anna Miller,85
Jennifer Moore,74
Robert Martinez,94
Robert Haley,72
Caitlin Gomez,90
Charles Thompson,81
Kevin White,74
Samantha Robertson,98
Angela Hall,69
Nicole Curtis,75
Madison Rogers,72
Evelyn Williams,95
Tracy Hill,72
Joseph Perez MD,72
Karen Nguyen,66
Whitney Cook,67
John Harper,95
Howard Hodge,78
Denise Rogers,100
Michelle Braun,77
Jason Pennington,100
Megan Nixon,80
Crystal Weber,78
Robin Torres,73
Adam Pena,86
Angelica Young,84
John York,72
Tiffany Reyes,77
Jonathon Lopez,65
William Saunders,73
Elizabeth Clark,65
Carl Hunter,91
Rebecca Hoffman,66
Julian Reid,90
Mary Lara,65
Mark Allen,96
Cynthia Richmond,99
Christian Chavez,70
John Walker,93
David Norris,97
Jake Aguilar,89
Dr. Anthony Small MD,72
John Reyes,61
Gwendolyn Freeman,76
Tiffany Andrade,90
Corey Hines,79
Vickie Franco,83
Diane Vasquez,79
Christopher Joseph,75
Nicholas Rodriguez,76
Gloria Hernandez,63
Julie Robinson,73
Angela Mason,80
Lisa Alvarez,63
Michael Gomez,64
Jonathan Malone,89
Julie Gaines,63
Ashley Perez,89
Erik Harris,89
Lori Rodriguez,81
Maria Allen,80
Leslie Jones,89
Julie Jones,67
Andrew Lawrence,93
Ashley Lewis,69
Christy Alvarez,61
Cindy Schroeder,75
Daniel Robertson,67
Jenna Moore,68
Jessica Cox,78
Dylan Anderson,72
Elizabeth Young,76
Tonya Moore,81
Michael Morales,82
Drew Ford,70
Monique Melton,70
Dylan Peterson,93
Caroline Miller,73
Alex May,80
Debra Andrews,82
Jose Davis,89
Nathan Simon,63
Samantha Atkins DVM,64
Shannon Hansen,71
Joe Maynard,66
Curtis Wong,96
Eileen Porter,95
Linda Benjamin,96
Russell Peterson,75
Leslie Rodgers,62
Regina Bond,88
Linda Navarro,60
Anne Smith,89
Sydney Knight,69
Joshua Gross,68
Thomas Morales,61
Sean Watson,79
Richard Kidd,97
Michael Reed,97
Patricia Fox,77
Andrew Everett,81
Yvonne Moreno,71
Lindsay Wilson,60
David Ross,92
Jacob Griffin,87
Erin Montoya,93
Francisco Schneider MD,72
Todd Humphrey,68
Gregory Stokes,64
Jonathan Arellano,95
Allen Zavala,66
Amanda Miller,76
Benjamin Oneal,91
Richard Carrillo,95
Jenna Watkins,85
Sarah Wolfe,76
Kendra Ryan,70
John Conway,92
Daniel Malone,91
Lisa Christensen,60
Jenna Williamson,77
Angela Baldwin,76
Ashley Brown,64
Melissa Martinez,80
Christopher Contreras,87
Barry Williams,78
Benjamin Burton,75
Leah Stewart,65
Emily Schaefer,68
David Mullins,66
Darryl Young,89
Ashley Smith,68
Randy Hunt,65
Samuel Johnson,97
Shawn Hunter,80
Christine Saunders,65
Ryan Williams,64
Karen Beck,75
Danielle Simpson,84
Suzanne Bryant,93
Scott Adams,86
Mary Bennett,88
Brian Ford,95
Paul Hudson,70
Phillip Kaufman,73
Anthony Young,79
John Anderson,76
April Lewis,100
Christopher Spears,75
Stephanie Atkins,81
Taylor Chase,88
Steven Collins,66
Aaron Wilson,60
Jennifer Reilly,77
Eric Martin,74
Ryan Lam,83
Terri Taylor,86
Christina Anderson,90
Sharon Brown,97
Jodi Campbell,81
Douglas Huff,85
Jesus Short,94
Kevin Baker,96
Crystal Acosta,66
Andrea Peterson,94
Michael Howard,77
Travis Phillips,73
Patrick Leonard,81
Patricia Koch,81
Austin Martinez,72
Todd Jackson,66
Edward French,85
Melinda Thompson,64
Kenneth Edwards,84
Christopher Moore,94
Michael Simpson,61
John Fernandez,95
Andrew Norris,92
Darrell Brown,89
James Nguyen,91
David Riddle,81
William Ford,70
Nancy Brown,81
Lindsay Williams,86
Cody Jones,60
Corey Lewis,92
Jesse Jacobs,70
Chad Craig,81
James Griffith,85
Kimberly Frye,63
Tracy Perry,73
Evan Henry,100
Amanda Taylor,81
Kristi Phillips,70
Roy Long,66
Chad Nguyen,70
Peter Smith,96
Kent Little,87
Timothy Hinton,92
Kelsey Steele,92
Melissa Rogers,92
Jessica Ramirez,70
Denise Thomas,64
Melanie Simmons,81
Hannah Reynolds,66
Michelle Yang,83
Robert Franklin,93
Jerry Shah,95
Michelle Harrison,62
Nicole Goodman,88
Jessica Potter,82
Roger Russell,85
Brenda Lewis,81
Michelle Escobar,87
Louis Figueroa,76
Robert James,68
Luis Williams,99
Kyle Cummings,62
John Roberts,74
Brittney Thomas,95
Nathan Clements,78
Jake Griffin,80
Katie Jennings,85
Mike Cummings,95
Brian Gardner,83
Carmen Hall,83
Jaclyn Gonzalez,72
Penny Schmidt,73
Christopher Davis,64
Samuel Hill,89
Kim Hopkins,61
Benjamin Olson,95
Amy Maddox,86
Jamie Schultz,60
Brian Davis,85
Eric Nguyen,61
Alexis Butler,86
Emily Palmer,69
Debra Williams,61
Catherine Mueller,100
Richard Newton,71
Arthur Russell,65
Laura Cook,64
Carol Wells,92
Tracy Mccormick,75
Wendy Adams,90
Gary Lewis,95
Lauren Perry,92
Logan Rose,60
Tyler Blanchard,62
Dale Phillips,83
Janet Dillon,81
Travis Meyer,95
Kyle Bell,93
Corey Torres,66
Wyatt Murray,61
Mr. Michael Fischer MD,87
Shawn Jones,63
Abigail Juarez,80
Jim White,66
Jeffrey Hansen,78
Michael Cruz Jr.,89
David Mcmahon,70
Samantha Murphy,67
Margaret Roberts,77
Anita Collins,70
Jacob Murphy,89
Keith Carter,98
Andrew Roberts,91
Daniel Gregory,100
Stephanie Adams,91
Andrew Wilson,72
Melissa Schmidt,66
Rachel Rivera,96
Fernando Nguyen,86
Melanie Thomas,91
Kyle Colon,74
Melissa Pugh,96
Jesse Fitzpatrick,98
Shaun Aguirre,99
Andrew Murray,63
Kathryn Simmons,98
Ms. Kristin Jordan,79
Jeffrey Benitez,77
Carolyn Thompson,66
Danielle Long,68
Anthony Lopez,92
Richard Holloway,62
Jeffrey Porter,62
Keith Frye,90
Danielle Hamilton,95
Karen Pruitt,70
Laurie Allison,87
Cheyenne Hanson MD,86
Lonnie Jones,69
Kyle Roberts,90
Laura Perry,67
Breanna Delgado,66
Gabriel Perez,96
Michael Cook,96
Thomas Powell,86
Charles Stevens,70
Toni Adams,95
Anthony Summers,61
Glenda Walton,87
James Burns,96
Marie Williams,75
Jeffrey Tran,81
Rachel Rogers,76
Rebecca Luna,69
Kelly Hansen,60
Jose White,69
Manuel Bell,68
Adrian Brown,68
John Alvarez,78
Frank Sullivan,74
Wesley Hughes,99
Stephanie Chambers,86
Brian Johnson,72
Charles Snyder,89
Daniel Spencer,87
Kelsey Allen,71
John Harrington,64
Kayla Meadows,82
Matthew Norris,100
Dylan Salazar,83
Tiffany Jenkins,96
Jason Moore,82
Christopher Mcbride,70
Katherine Hess,100
Gregory Middleton,90
Sandra Rodriguez,84
Jamie Price,100
Joshua Murray,79
Katie Chaney,61
Carmen Patel DDS,84
Lisa Williams,89
Gary Wright,100
Grace Jones,89
John Hernandez Jr.,64
Charles Jackson,86
Roger Ray,75
Darrell Davis,99
Mrs. Kristen Miller MD,82
William Miller,66
Lori Simmons,90
Melissa Carter,68
Shane Daniels,77
Samuel Johnson,86
Dawn Burns,74
Heather Rasmussen,69
Misty May MD,63
Alejandra Wright,72
Pamela Bailey,87
Dr. Erica Brewer,82
Jesse Anderson,85
Ruben Robinson,77
Jeffrey Russell,99
Grace Smith,64
Alexander Lee,96
Michael Dominguez,92
Dr. William Bird,80
Mrs. Leah Adams MD,69
Mark Rodriguez,83
Heather Mack,92
Kyle Moore,74
Ronald Allen,83
Jerry Cochran,60
Jillian Koch,90
Nathan Ferguson,97
Mary Moran,82
Todd Ramirez,84
Michael Dunn,80
Andres Alvarez,62
